,artist_id,artist_name
0,1876,阿杜
1,802016,安来宁
2,1878,艾尔肯
3,2422,阿鲲
4,187295,Assen捷
5,10998,爱乐团王超
6,1879,安琥
7,1881,阿木
8,1873,阿宝
9,860734,艾索
10,1908,阿不都拉
11,1058073,阿力木江·托合提
12,947019,艾宝良
13,1877,阿牛
14,1886,艾斯卡尔
15,1875,阿信
16,1039722,阿明
17,804159,阿力普
18,1132013,A路人
19,1081752,AlimjanTursun
20,1885,阿炳
21,1919,AP满人
22,1945,安东阳
23,1106124,阿杰729
24,1054175,AiPi 
25,1087200,AThree-Arslan
26,1081335,Ablikim&nbsp;Zikrulla&nbsp;izbaRis
27,784443,阿来
28,1888,阿穆隆
29,1047066,阿摩司
30,1155078,安乐阳
31,1980,安神
32,1872,阿沁
33,762462,阿见
34,1132222,abduwali&nbsp;tohti
35,727015,AL=六甲官锭
36,1060224,Kadirya
37,1049340,akbar ahmat ziba
38,964311,阿良良木健
39,1898,阿杰
40,1921,安旭
41,1893,阿里
42,6713,AJ张杰
43,229593,艾克拜尔
44,1905,阿吉仔
45,1882,阿强
46,1990,安东尼
47,1043417,阿权
48,1896,阿沐
49,1912,阿清
50,857223,阿牛和强子
51,1906,阿龙正罡
52,1073078,Alex.Dai
53,1084038,Akbar Kahriman
54,1054144,Annco.Liu
55,677006,阿普萨萨
56,1040062,Akber
57,1161024,AC周予天
58,1045019,阿尔达克
59,1883,阿超
60,1102011,阿尔法
61,1961,阿译
62,1039804,阿鬼
63,854301,安平
64,789918,阿原
65,1925,奥杰阿格
66,2019,安德烈
67,1894,阿正
68,975128,Arda
69,1902,阿振
70,862110,敖日格乐
71,893266,A3
72,1932,阿温
73,1132165,任莫醒r
74,1924,安志顺
75,1087658,aMiR
76,1043424,傲艺
77,1904,阿爆
78,1078310,Alex.x
79,1021394,阿四龙
80,1048056,阿男
81,203228,Ap
82,1934,阿伦
83,1049049,allan.X
84,687028,阿龙
85,1081117,Azoy
86,1977,A-JING
87,1047377,艾尼瓦尔江
88,1910,阿德
89,805076,ANNER
90,1889,阿贵
91,996103,Armada Music
92,1916,阿鹏
93,1927,阿乐
94,1926,阿拉腾傲刀
95,1039409,As王顺
96,1920,艾玮伦
97,804153,A-Show
98,1026052,艾扬威
99,222664,ABD
100,1039011,Bilal&nbsp;Enwer
101,2059,毕书尽
102,1131033,拜合提亚bahtiyar aziz
103,1181417,拜合提亚尔塔依尔
104,777662,白水
105,2116,陈奕迅
106,2112,陈小春
107,2115,陈百强
108,2122,陈冠希
109,2201,陈势安
110,2034,鲍比达
111,2104,Beatsound
112,909029,白举纲
113,1060060,斑辣个马
114,2127,陈柏宇
115,1058228,陈鸿宇
116,2117,侧田
117,2111,崔健
118,2026,布仁巴雅尔
119,2060,白羽
120,2063,白玛多吉
121,1094177,包威尔
122,791534,戴荃
123,2516,迪克牛仔
124,2517,刀郎
125,2515,窦唯
126,2121,蔡旻佑
127,2124,陈楚生
128,963409,陈学冬
129,1048054,Braska
130,2087,波拉
131,2098,暴林
132,2065,布川
133,1054040,冰块先生
134,2514,蛋堡
135,2578,大冰
136,2623,邓超
137,2513,冬子
138,2699,东篱
139,896894,贰佰
140,1039899,eliaqsopa
141,189955,贰婶
142,2159,曹轩宾
143,2118,成龙
144,2153,常石磊
145,2125,陈晓东
146,2055,白天不亮
147,2033,包朝克
148,2049,卞留念
149,1060169,BRAVEE
150,2607,多亮
151,188681,大鹏
152,5068,单色凌
153,1057271,Dilshad&nbsp;Ghopur
154,2518,东来东往
155,1085108,哦漏
156,2714,EDIQ
157,1046270,ETIRAZ
158,2722,E.SO
159,2134,陈坤
160,2150,陈冠蒲
161,2135,陈勋奇
162,2131,川子
163,816079,薄彩生
164,1085053,变奏的梦想
165,2103,血男孩
166,2032,贝玛千贝仁波切
167,1081384,白不二
168,1038381,DJ张扬
169,2569,丁可
170,896942,冬子
171,2545,丁于
172,1053149,EDMarco
173,966153,EdJean
174,2727,二文
175,1043383,Elvins.J
176,1135273,Eric
177,2331,陈翔
178,6862,曾志豪
179,2164,陈伟霆
180,2110,曹格
181,2048,百慕三石
182,1047011,白客
183,1047238,白挺
184,1057198,B.C.W.懒领阶级
185,2524,大张伟
186,671001,东南
187,783379,杜歌
188,2522,杜德伟
189,2614,大哲
190,2720,贰贝勒·木森 (J-Forest)
191,816055,Easy Mind
192,2716,诶姆
193,1089203,Elfar
194,1040044,enderdz
195,6557,曾一鸣
196,6608,曾志伟
197,2294,陈光荣
198,2312,C AllStar
199,839689,SAM努尔夏提
200,2027,卜学亮
201,1065002,Bikman
202,2061,包伍
203,228408,Bloody Woods
204,1135138,DJ浩宝
205,1025229,DJ YiXiu 
206,2610,丁浩然
207,2520,东山少爷
208,2525,戴玉强
209,1047255,Easion_Ng
210,981041,Eveight
211,1094108,凌晨
212,2735,EazyToo
213,168042,曹寅
214,2130,蔡国权
215,2321,陈思诚
216,2429,陈柏霖
217,905711,白成永
218,2056,拜尔
219,1032373,边远
220,1040104,Blindman
221,859031,大飞
222,2548,杜聪
223,2591,单小源
224,2527,DJ宝贝
225,2519,董运昌
226,1050341,EACH9
227,1019328,EDEN
228,1049701,国际友人-
229,1080049,“阿兰姐”
230,2375,蔡志展
231,991003,崔跃文
232,2133,陈奂仁
233,2147,陈旭
234,1124078,B.K.G
235,1050807,白宁
236,2089,布朗
237,868113,BigKey
238,743043,宾俊杰
239,2617,邓川
240,2531,邓健泓
241,2521,邓伟标
242,2682,丁炜
243,2529,杜昆
244,1039919,EI身份证
245,1050576,EXIA
246,1054116,儿时玩具
247,1049900,冉明阳
248,2173,陈星
249,2414,曹越
250,2336,程池
251,2141,陈雷
252,2071,白龙
253,2030,百川
254,2073,鲍元恺
255,1078050,BHTY-R
256,1060124,周迪
257,1041109,大军
258,2692,大军
259,2888,狄易达
260,2632,代理仁
261,1019358,DJ跳跃
262,2710,恩炀
263,1043015,JIN&nbsp;DJs
264,2730,Eugene Pao
265,1031114,换号中bigbus
266,1039900,EC Robot
267,1080133,陈乐基
268,2138,陈浩民
269,2174,陈底里
270,826307,陈晓
271,2440,陈伟伦
272,1047057,BEC包子
273,2101,Barry
274,1084207,白亮
275,2031,白驹荣
276,2526,窦鹏
277,2554,戴军
278,2528,刁寒
279,2532,丁咚
280,1043177,____Vzz
281,905634,二凉
282,1073043,ElectronOscillator
283,2723,Ezfic
284,1038223,一针见喜
285,975774,二向柚
286,2329,蔡晓
287,1132979,蔡照
288,2209,陈少华
289,2276,崔京浩
290,1044102,H.O.S.T
291,1040095,菠萝大哥
292,2036,滨哥
293,1057197,薄汉雄
294,1132492,DJNolyn
295,1066056,dj皇家礼炮
296,955037,丁乔
297,1019366,丁童
298,2728,二宝
299,1047206,Electronic Dance Music
300,2717,Ethen Chen
301,1192402,二龙湖浩哥
302,13971421,Empty ORio
303,1135204,陈秋实
304,2264,迟志强
305,2448,曹秦
306,2139,陈冠宇
307,969082,背背
308,1008035,BillySmith
309,2040,毕国勇
310,2083,白云
311,1088061,DELA
312,2584,大宝法王
313,2600,Doe
314,2602,邓杰
315,2564,杜昊
316,1093034,EryXDY
317,12403137,尔冬明
318,2230,陈雅森
319,2132,陈建骐
320,2330,晨熙
321,2137,蔡小虎
322,1039537,BEATS W
323,1165010,卜风疯
324,1053147,笨笨口琴
325,189947,保剑锋
326,1047265,波仔
327,1049123,Danijay
328,2575,段千寻
329,2675,杜淳
330,189918,杜海涛
331,14099080,E&amp;M经贸民谣
332,12363201,ERIC
333,12871192,EC一平
334,12074153,EY魂
335,2190,崔恕
336,941023,曹槽
337,2119,蔡国庆
338,2113,车继铃
339,1135118,陈咏谦
340,1023123,鲍文洋
341,1038354,边边
342,1131053,碧姐
343,1032195,白云飞
344,854273,杜鹏
345,831288,丁克森
346,2530,杜冲
347,1085060,DJ 凌晨
348,12492296,Eggace
349,1043309,耳东 
350,12404124,Eric Song
351,938073,二玩家
352,12370200,Evis&nbsp;Wy
353,2165,陈占美
354,2187,陈宁
355,6740,曾春年
356,6790,曾昱嘉
357,1124422,白力一男
358,2042,白水老人
359,2084,包伟铭
360,805087,德宏老爹
361,2616,丁少华
362,826382,大眼炮
363,961021,东方健
364,2733,Evade
365,12263400,Egil Ellevill
366,2721,eclove23
367,12213188,俄比尔古
368,13195211,二辰
369,224360,陈亮
370,1028199,菜小宝丶
371,5914,蔡仁皓
372,2154,成公亮
373,905110,边欣
374,1038088,贝歌
375,816200,鲍国
376,2052,比利
377,1049899,BRET
378,789136,大宁
379,2537,邓健明
380,1047424,杜光祎
381,2562,窦智孔
382,1049964,E.D.J HyunYu
383,12332127,二飞
384,1039360,ElectricGirl
385,12263011,二亮哥
386,762400,Ever Ending Kicks
387,2423,陈羽凡
388,2123,陈明章
389,6521,曾航生
390,2202,陈其钢
391,1041040,百里熙
392,1081023,李胜伟
393,1057274,包青山
394,1046167,背包客
395,855537,丁衣凡
396,1087261,大张雨
397,2631,丁承运
398,1039910,DJ RETINA
399,1083066,D蒙介
400,12170031,耳机
401,2724,E歌
402,1050175,二龙
403,1039579,Emxi
404,1060096,大彻
405,1081164,陈川
406,2136,蔡枫华
407,187926,陈玉建
408,962220,Baadsvik
409,2039,白子正
410,854299,包飞
411,1044046,&nbsp;梁靖如
412,1049372,白浩
413,1050280,于亮
414,2585,大冲
415,774232,邓养天
416,896232,大兵
417,2327,陈杰瑞
418,2285,崔弦亮
419,1049979,陈建斌
420,2237,陈豪
421,2024,保新谊
422,1049871,包尔淦
423,1039313,Bunny
424,1132200,包胡尔查
425,1050481,DJ Carmen
426,2650,戴亚
427,2599,都智文
428,2651,登格尔
429,2163,常宽
430,818622,Chinsta
431,1014024,茶季杨
432,2283,陈展鹏
433,1080017,Bjergsen
434,1047363,巴特尔道尔吉
435,1132662,鲍昕宇Aspada
436,1032014,包启宁
437,1057078,Badkiz
438,1050641,大坏兔子
439,1081314,djokawa official
440,966134,逗青
441,947023,董冬冬
442,1058138,大琴师音乐游戏
443,2148,陈志朋
444,2389,陈咏
445,942004,陈阳
446,2245,陈军
447,2072,白鹤
448,2050,白音孟和
449,2025,B6
450,1058207,电音style
451,2586,Desolate
452,1032057,DanFII
453,1060122,DJLayDiMusic
454,1043205,DJ骏仔
455,2120,陈建年
456,727005,陈赫
457,2323,陈小平
458,1007135,陈小虎
459,868012,多杰太阳
460,1075087,dj黑人blackz
461,2544,Dick Lee
462,1057162,德格叶
463,2157,陈志远
464,2224,春雷
465,2128,陈永淘
466,2371,曹磊
467,1039211,超级猴子
468,168015,褚乔
469,2738,方大同
470,2747,费玉清
471,2739,方力申
472,2736,范逸臣
473,2775,樊凡
474,957020,冯佳界
475,2741,房祖名
476,2742,方泂镔
477,2743,费翔
478,2737,范宗沛
479,725039,冯允谦
480,2768,付笛声
481,2791,付辛博
482,2740,傅聪
483,1132196,冯建宇
484,4544,佛山DJ明仔
485,1081940,甫平
486,862024,范忆堂
487,1043488,范恩
488,2754,冯晓泉
489,228462,冯翰铭
490,2753,冯德伦
491,956281,符家浚
492,1081292,Firah
493,2816,冯绍峰
494,2764,范思威
495,2802,肥宝
496,2786,范睿
497,1039404,Forkyrie
498,1050405,F1y&nbsp;Syn
499,1032016,风子
500,896230,冯巩
501,1039141,方雨晨
502,1049257,冯小波
503,977192,风雷
504,2749,范圣琦
505,1047027,Ferrison
506,1163007,方磊
507,2758,冯乔
508,2752,方锦龙
509,2803,范圣霖
510,2808,冯晓荣
511,2777,符致逸
512,2793,樊少华
513,2757,傅振辉
514,1077058,菲莫拉
515,1024299,Oily&nbsp;Fish
516,1050334,Fosto
517,2750,Finn
518,1161038,冯柯
519,2788,Faber
520,1132467,方少言
521,1132372,冯行龙
522,2810,浮尘
523,2827,付豪
524,2813,冯泽雨
525,2761,浮克
526,1050441,F.BING.KAI
527,2748,Funck
528,1022050,Fattwo
529,1041080,冯博
530,2792,冯磊
531,2790,冯铭潮
532,1087516,方治权
533,2839,飞翔
534,2756,冯杰
535,802015,付俊杰
536,2759,范竞马
537,1025042,梵墨
538,907004,费嘉
539,1016120,冯光
540,2766,方顺吉
541,908116,冯满天
542,2762,方奕
543,865007,法老
544,1039402,fx
545,2778,冯言
546,2769,冯伟棠
547,1081898,疯哥张
548,1081399,冯光华
549,2771,冯少先
550,1132739,FroZenUniverse
551,2765,范振锋
552,1019125,范宏伟
553,809018,Ca$hFlow
554,1039295,范洛
555,1018070,浮小生July
556,1057234,FACEVÔID
557,2795,方迪
558,1115016,FOM
559,1019745,范朋飞
560,1046239,奉枫
561,1048005,范文夺
562,2751,Funky末吉
563,1087202,Fre浩成
564,2781,傅振荣
565,2805,冯家俊
566,2799,范竟马
567,2829,范星光
568,2779,方子浩
569,2849,古巨基
570,2842,光良
571,2863,高进
572,2922,郭德纲
573,2852,郭富城
574,2843,郭顶
575,3348,回音哥
576,3066,胡彦斌
577,3249,河图
578,861777,华晨宇
579,2963,高安
580,2868,关喆
581,2853,关正杰
582,2948,宫傲
583,3273,胡夏
584,3064,胡歌
585,3058,后弦
586,3081,胡伟立
587,3255,黄渤
588,1038374,iMoon
589,956418,InfiniteMusic
590,1132544,Iceloki
591,900332,imeatART
592,1047333,iCsuo
593,166014,金志文
594,3558,蒋明
595,3535,Jason Chen
596,3528,靳松
597,2981,葛平
598,2848,郭峰
599,2870,甘仕良
600,2861,关楚耀
601,2850,顾嘉辉
602,3071,郝云
603,3063,黄义达
604,3415,霍尊
605,3086,海鸣威
606,3438,iiiis
607,1039978,ilham丁丁
608,1039393,IMAGINE
609,133386,INK
610,3456,姜育恒
611,188694,蒋家驹（蒋蒋）
612,3585,蒋勋
613,827163,金贵晟
614,5001,简弘亦
615,2947,国蛋
616,2841,高晓松
617,2874,顾峰
618,2859,管平湖
619,3072,韩磊
620,3084,洪卓立
621,3059,黄霑
622,3120,霍建华
623,1031042,ibinbao
624,1049076,Inspiration Crowd
625,1031052,Impractical Scraps
626,1050737,Ilya Ai Wei
627,1161208,Izumi koga
628,3459,姜玉阳
629,1106073,贾乃亮
630,3452,蒋大为
631,3450,几米
632,2862,龚一
633,2867,哏德全
634,2878,顾海滨
635,3007,郭少杰
636,3069,洪启
637,3322,黄英华
638,3094,黄晓明
639,3077,欢子
640,3116,黄家强
641,13707529,IL CANTO
642,13738116,ins白日说唱家
643,13430213,Infernal Chaos
644,12263528,Imc王辰
645,3445,Intangible Ism
646,3454,贾鹏芳
647,3600,江智民
648,3499,景岗山
649,1081155,蒋劲夫
650,2879,关智斌
651,1043146,光合唱片
652,900276,戈锐
653,2928,高夫
654,2844,古天乐
655,3090,何炅
656,3272,韩庚
657,3073,黄凯芹
658,1006030,洪尘
659,1081840,irevan
660,11987075,impossibleChuck
661,1044068,IMCUICUI
662,11975111,ilem
663,3464,江涛
664,3539,井柏然
665,3453,蒋志光
666,3498,金学峰
667,2846,高明骏
668,2851,郭子
669,2892,高林生
670,2857,高凌风
671,3065,黄立行
672,3079,黄品源
673,3068,黄大炜
674,3126,黄宗泽
675,1083022,iimmune
676,1039395,IANNE
677,820494,Inbellum
678,1000135,"I,Defiance"
679,233211,INTI
680,3536,金培达
681,3594,蒋山
682,1047078,江南诚
683,3537,鞠起
684,2856,高枫
685,3020,过江龙
686,3042,高正洋
687,2885,光头李进
688,1049179,Hanser
689,3082,黄安
690,3061,黄磊
691,1025202,黄子韬
692,3613,纪晓斌
693,789380,J-Sleeper性感的拖鞋
694,3562,金复载
695,840314,茉莉与年少
696,908209,Gordon扬豆仔
697,2890,恭硕良
698,3031,关栋天
699,2945,歌浴森
700,2847,郭伟亮
701,3056,胡德夫
702,3307,晃儿
703,3060,黄建为
704,3421,黄勇
705,3330,胡鸿钧
706,5839,解小东
707,1087229,吉佑社
708,1156032,靳东
709,3534,贾鹏新
710,3451,金城武
711,2872,关德辉
712,1049027,郭京飞
713,2959,根呷
714,905095,嘎玛西周
715,3106,黄永灿
716,3259,呼斯楞
717,3112,何润东
718,3070,黄玠
719,3102,黄靖伦
720,3463,江得胜
721,1085016,贾轶男
722,12048,Jurat.T.T
723,905426,金润吉
724,2946,刮刮乐
725,2972,高山林
726,2925,管维嘉
727,1049741,尕金乐队
728,2875,郭浩男
729,3080,黄贯中
730,3093,黄征
731,223221,陈斐
732,3118,黑龙
733,837204,蒋卓嘉
734,3515,Jeff李
735,3519,金科
736,3504,君君
737,1049033,高铭
738,2912,郭炳坚
739,2871,广智
740,2926,高杰
741,3078,黄伟文
742,1045031,黄立纲
743,3256,黄明志
744,3104,骅梓
745,3162,胡兵
746,1015710,江潮
747,3458,纪佳松
748,3572,君子
749,3551,金泽
750,729003,贾涛
751,2969,关泽楠
752,2909,郭晋安
753,1044179,攻击
754,3029,高信
755,2881,高皓正
756,3055,何勇
757,3217,哈孜肯
758,3075,何训田
759,3138,何家劲
760,3524,极泷
761,3541,姜昆
762,1049408,姜潮
763,1049100,九阳
764,3462,吉杰
765,2899,关贵敏
766,2911,郭颂
767,1039344,果粒陈
768,2962,格茸农布
769,1039129,宫无后
770,3105,何维健
771,789450,何山
772,3076,黄秋生
773,3123,黄国俊
774,3526,JR Fog
775,3563,金久哲
776,1038349,杰磊
777,3466,姜鹏
778,2865,谷峰
779,2891,郭品超
780,2987,郭一凡
781,2960,高韶青
782,3057,黄舒骏
783,3378,何崇志
784,1039221,荷马先生
785,1053259,HUSH
786,3484,吉中鸣
787,3489,姜小鹏
788,3476,江志丰
789,1081355,Jimmis
790,2887,高向鹏
791,887107,葛维永
792,1124443,gilas0994
793,2855,郭敬明
794,3250,火风
795,3121,黄阅
796,94064,Howie&nbsp;Lee
797,3100,黄中原
798,3148,胡瓜
799,3461,江凯文
800,1039357,简单
801,1071076,姜贰拾
802,1038398,纪粹希
803,2903,甘子辉
804,820439,谷柏杉
805,188689,高世章
806,2949,高原
807,2858,郭小霖
808,3210,慧普法师
809,3166,黄鹤翔
810,3311,海生
811,3175,含笑
812,3576,金玥
813,1036002,Jadry
814,190079,家家
815,995003,净土Pure Land
816,3591,甲雍
817,1087492,Grenadn
818,3000,耿为华
819,2869,古皓
820,2880,郭虔哲
821,2854,郭英男
822,3261,浩瀚
823,860039,胡洋
824,3291,何龙雨
825,3276,何晟铭
826,3530,基地小虎
827,3482,焦恩俊
828,3511,蒋月泉
829,789698,贾杰
830,2910,郭桂彬
831,3002,管呆
832,839567,GZ
833,190012,怪兽
834,2889,苟伟
835,3154,洪荣宏
836,3158,荒山亮
837,3426,贺国丰
838,3142,洪俊扬
839,1063182,胡欣
840,3557,贾卿卿
841,1047010,叫兽易小星
842,3492,蒋国基
843,1060009,JIANG.x
844,3606,简广易
845,1132304,郭好为
846,861441,GBZ
847,4443,刘光蕊
848,3003,高阳
849,2994,尕让邓真
850,3216,郝歌
851,3124,侯志坚
852,3101,黄鸿升
853,11758,花伦
854,3564,金城
855,3449,金武林
856,3532,金木
857,1011198,江生
858,3506,金波
859,1053246,郭纯
860,2902,高见
861,2954,高峰
862,2898,顾建华
863,3136,黄蒙拉
864,3074,杭天
865,3088,黄家伟
866,839761,何流
867,3455,季忠平
868,3549,金韩一
869,1039850,龚硕
870,2979,格杰白玛
871,2971,高登
872,3122,高自成
873,787002,华少
874,1077005,黄洋
875,3287,侯宝林
876,1018008,杭航
877,1132606,蒋贡康楚仁波切
878,1049680,吉克曲布
879,3578,酒吧伤心人
880,3518,计镇华
881,3424,黄平
882,916025,和汇慧
883,3353,胡小宝
884,1068009,前后动机直升机组合
885,3095,黄子华
886,3521,姜洋
887,747137,Jocey
888,1039907,金杨
889,3465,江天
890,1039055,MC井宁
891,1046056,井盖儿
892,1015644,Jasing Rye
893,3467,蒋才如
894,3596,金镇
895,3593,金山
896,1063007,居来
897,1047064,KBShinya
898,3617,柯有伦
899,3658,克尔曼
900,3616,KenT
901,686006,康康
902,3627,康康
903,3654,柯震东
904,3614,柯受良
905,862058,卡修Rui
906,3641,凯撒
907,991002,柯智棠
908,1135192,A-Tong
909,868001,KillerBlood
910,3640,Kz
911,3619,孔令奇
912,3672,柯暮卿
913,1019172,凯玟桑
914,1132451,柯大堡
915,1019155,孔垂楠
916,1088051,KB
917,3624,孔祥东
918,3651,KT
919,3649,昆虫白
920,3643,Kositu
921,1043220,Killazer
922,1060093,Keyshawn&nbsp;Binean
923,3660,柯皓燃
924,3667,BaBur
925,3621,克里木
926,1047200,Foobar
927,3662,轲然
928,5980,阚立文
929,911042,康硕Kenny
930,758285,Karma Kid
931,3620,孔宏伟
932,3630,空气球
933,1161004,开松法师
934,1039757,孔熙俊
935,1050531,K_izum
936,1038242,堪布贝玛千贝仁波切
937,3665,Orientlic&nbsp;Beats
938,1079139,卡列宁
939,3628,康克菲
940,3635,KuKi.W
941,1046036,口琴ok
942,1039553,K'桑
943,3625,卡卡
944,994003,开鹏程
945,222404,卡斯Kas$
946,961279,孔一兵
947,1132845,K.邵庄
948,1038406,KhalilWonger
949,1099008,KNXER
950,3644,坤鹏
951,1043127,康小白
952,3631,邝祖德
953,787062,Knife Lee
954,832242,匡萃龙
955,1050581,Ray3
956,3623,康万生
957,3626,柯羽
958,818247,阚杰
959,991229,肯别
960,3680,亢帅克
961,3642,康然
962,3639,恐龙李
963,935234,K3NT
964,3646,科尔沁夫
965,3618,康贤
966,3657,孔朝
967,1044036,Kael 鹿帆
968,999157,Katana_4real
969,3638,孔锵
970,3661,开克尔曼尼
971,3636,Know Hope Collective
972,3655,孔朝晖
973,975230,咖啡杯里的茶
974,1094139,Ken-Ming Yang
975,1124332,吕先生
976,1081307,狂奔的萝卜
977,1132707,Makino
978,1040055,Kona.Y
979,3622,康乔
980,1050484,寇瑞
981,3670,康梓峰
982,1049872,Kalen
983,1050287,King@C AllStar
984,1049889,凯歌
985,1084021,KH
986,1028042,zpan
987,1041071,空悟
988,1043285,kico
989,1069015,杨文博Poe
990,934041,寇跃
991,1081974,Koowho
992,1039049,康斌 
993,3677,康茜
994,221857,KuKi
995,1081026,匡鹏
996,1081017,苦啤酒
997,3684,林俊杰
998,4292,李荣浩
999,3681,李志
1000,3695,李健
1001,3699,李克勤
1002,3691,刘德华
1003,3682,老狼
1004,3683,李宗盛
1005,4592,马頔
1006,4483,麦浚龙
1007,4479,MC Hotdog
1008,12413,慕寒
1009,4480,马条
1010,3685,林宥嘉
1011,3694,罗志祥
1012,3765,李易峰
1013,3722,梁汉文
1014,3689,李玖哲
1015,1050611,M-PHOTOS
1016,4569,麦振鸿
1017,896927,莫西子诗
1018,4486,毛宁
1019,190349,NL不分
1020,4672,倪安东
1021,1049392,宁夏
1022,980113,宁桓宇
1023,3702,林峯
1024,3692,林志炫
1025,1038093,鹿晗
1026,3693,林海
1027,4485,马天宇
1028,4619,马旭东
1029,4488,满文军
1030,188141,满舒克
1031,842005,马飞
1032,804367,南城二哥
1033,4662,南风
1034,990051,泥鳅Niko
1035,4678,南宫嘉骏
1036,3706,林子祥
1037,3705,李圣杰
1038,1156241,罗凯楠
1039,3688,刘欢
1040,1156176,孟可
1041,1041010,买尔旦
1042,1049093,MILLAN
1043,1043199,MC-5
1044,985227,南风ZJN
1045,1027039,暖场小粽子
1046,1019301,宁林
1047,1001005,牛牛
1048,4666,聂禹
1049,3697,卢冠廷
1050,3686,罗大佑
1051,4125,骆集益
1052,4393,李代沫
1053,1039223,麦吾兰江
1054,4489,MC仁
1055,4538,马常胜
1056,4651,马博
1057,816093,茉莉僧
1058,1057144,嫩桃弟弟
1059,1050258,Nayim.Nabi
1060,4673,嫩桃
1061,1000103,柠檬树
1062,4667,聂琳峰
1063,4055,赖伟锋
1064,4015,冷漠
1065,3701,黎明
1066,3698,罗文
1067,826336,马雨阳
1068,4481,满江
1069,4527,马上又
1070,4552,毛毛
1071,1039663,Mc苏刚
1072,1019357,Nacid
1073,1039297,NEMY金属怪兽
1074,1039572,南山雨林
1075,4660,钮大可
1076,4686,南卓仁波切
1077,4093,李行亮
1078,3715,梁朝伟
1079,3713,刘东明
1080,981141,伦桑
1081,4490,马浚伟
1082,4607,马丁
1083,4576,毛方圆
1084,12314,先知歌者麦子
1085,4677,宁峰
1086,4665,牛朝阳
1087,1039882,Nellee
1088,4669,糯米
1089,935138,倪力
1090,4006,梁晓雪
1091,3690,卢广仲
1092,4130,李玉刚
1093,893267,李琦
1094,166010,梁博
1095,1041122,Mr.岑
1096,896274,mAjorHon
1097,792162,M80
1098,4621,闫东炜
1099,1040026,NO.59
1100,1044122,南味SOUTHFEEL
1101,1039680,南涩雨
1102,1039848,Nano33号
1103,4656,牛建党
1104,3723,吕方
1105,3798,卢中强
1106,3848,刘允乐
1107,4069,六哲
1108,855488,罗艺恒
1109,858161,马潇
1110,1049850,MC张凯
1111,817036,蒙面哥
1112,1112008,Mr.Cali
1113,4496,麦子杰
1114,1058125,N2V
1115,1043403,南骧书戎
1116,1041003,泥丸
1117,1053166,南玛子呷
1118,1074042,Noicybino
1119,4080,刘心
1120,3956,罗家英
1121,961227,廖国钺
1122,816087,李晋
1123,4084,林奕匡
1124,1038405,Mc koz
1125,1178126,mc小洲
1126,187903,Mc光光
1127,4561,马三立
1128,866037,南味年糕
1129,1079101,南一
1130,1046339,南瓜饭
1131,220970,NANCY
1132,1050265,No.6
1133,3737,刘畊宏
1134,3687,林一峰
1135,3830,刘鹏
1136,3902,李晓杰
1137,3704,林志颖
1138,1050352,Madsam
1139,189932,猫饭
1140,1044174,MC人皇
1141,1132392,马思唯
1142,189831,Nencol&nbsp;
1143,1040204,逆风而行
1144,862131,倪敏然
1145,1041070,乃日戈
1146,4661,倪敏然&amp;倪嘉升
1147,3717,李云迪
1148,3762,吕思清
1149,3716,林隆璇
1150,4119,林坤信
1151,4590,马健涛
1152,4596,蒙克
1153,4578,莫染
1154,1064006,马铭远
1155,571797,chill&nbsp;boy
1156,797362,埖小迪
1157,1043110,Nero&nbsp;NEX
1158,1049159,Nathan Pelupessy
1159,1124323,男森RAP
1160,1050045,牛会龙
1161,3707,郎朗
1162,972029,李玉玺
1163,3700,李泉
1164,3703,李寿全
1165,3789,李逸朗
1166,894087,马季
1167,4513,馒头
1168,4551,Mr.Trouble麻烦先生 
1169,1047242,毛晖
1170,4558,马洪波
1171,1181764,宁新兵
1172,1049302,南知
1173,4709,女美爱我
1174,1044082,怒江雨
1175,3732,罗百吉
1176,3735,卢学叡
1177,4079,林育群
1178,3751,刘浩龙
1179,4260,VEEZiE李魏西
1180,4573,Masta Mic
1181,4508,马德钟
1182,1124053,缪培琪
1183,1050345,Mc蛋蛋哥
1184,4606,马连良
1185,1193191,尼块
1186,1019003,Nic-BOOM
1187,1057272,安夕尔
1188,1049185,聂远
1189,797346,南宫家骏
1190,4214,龙飞
1191,4037,Lu1
1192,3991,黎允文
1193,4047,李志辉
1194,4533,马海生
1195,1132719,Mardan
1196,4494,马兆骏
1197,4548,梅兰芳
1198,1081733,Noise Happy
1199,4664,男子汉乐团
1200,1039097,農里
1201,1040024,念尔
1202,4680,倪青
1203,1047239,流浪的蛙蛙
1204,4032,李建傧
1205,3754,李春波
1206,3747,刘嘉亮
1207,3952,卢小旭
1208,896782,苗阜
1209,4501,马可
1210,1044031,MC腐朽
1211,4492,马念先
1212,1038128,Mc
1213,1155077,闹闹
1214,4674,倪皓
1215,1132441,Nickking
1216,4668,南梓轩
1217,4474,刘明汉
1218,3736,林宇中
1219,3827,李琛
1220,3776,陆毅
1221,4568,马志明
1222,1063055,Merdan&nbsp;Ablikim
1223,1049762,慕滨阳
1224,1043170,Mc冰鑫
1225,1043482,mAd-Noisy
1226,776277,No Artificial Colours
1227,1124300,聂子轩
1228,4659,Noiser luo
1229,1062006,南建雄
1230,865005,宁波
1231,3793,陆虎
1232,4188,刘佳
1233,3772,雷诺儿
1234,3924,林汉洋
1235,1105059,方仔Rich&nbsp;John
1236,4630,马健南Kennan
1237,954100,木子烁
1238,1038238,Mario
1239,1039286,Mc张飞
1240,787058,岑南溢
1241,12467165,喃常乔
1242,14471046,南帅
1243,12463425,宁英杰
1244,13644134,尼多
1245,3733,李延亮
1246,3718,刘文正
1247,784451,李祥祥
1248,861282,李剑青
1249,3734,罗嘉良
1250,4521,莫华伦
1251,4542,明圣凯
1252,1115085,Mc狼君
1253,1038337,M2U
1254,12457093,尼玛旦周
1255,13643094,霓歌
1256,12408261,男众法师
1257,13580194,嗯哼
1258,12335177,诺一
1259,1041090,林一杰
1260,4031,李治廷
1261,3812,刘可
1262,3933,林友声
1263,3711,李泰祥
1264,4564,马力
1265,1008007,莫爱河往生
1266,832643,苗小青
1267,1049174,慕斯の小乖
1268,13192098,南芊羽
1269,12301229,NONO珺
1270,12514278,那吾克热LIL-EM
1271,12262693,牛青畾
1272,12289278,农永平
1273,3834,廖文强
1274,3752,李维
1275,3884,Lawrence
1276,4089,李炜
1277,3767,李茂山
1278,1094191,明仔
1279,1081643,Miles Okin
1280,4532,马闯
1281,227310,麦莎乐队
1282,1041135,MC伊龙
1283,12262225,NGC
1284,12262074,牛雨霖
1285,12108665,奶猴子
1286,12107162,牛欢
1287,12091157,楠梦
1288,3841,梁家辉
1289,1049997,韩彬农James
1290,4582,MC Banana
1291,1049168,MuSik&nbsp;I
1292,1071078,默罕默丹
1293,12098066,南派三叔
1294,1092005,牛演通
1295,12091030,牛歌
1296,1044045,NAILON
1297,4693,欧得洋
1298,4694,欧阳靖
1299,896460,欧豪
1300,4695,欧翠峰
1301,4700,欧汉声
1302,1087808,OWL&nbsp;Records
1303,4691,Okna Tsahan Zam
1304,4705,欧阳青
1305,1124169,欧阳屌宏
1306,4692,Oscar
1307,4698,欧阳辉
1308,4706,欧育齐
1309,4697,欧阳浩瀚
1310,189668,Open Mike Eagle
1311,4719,讴歌
1312,1135222,ODYSSEY_
1313,1057079,昭和三色_
1314,4712,Octave&nbsp;20
1315,4696,欧阳德勋
1316,4715,欧阳尚尚
1317,851769,欧尔格力
1318,1024100,欧阳曹亮
1319,4713,欧昌彬
1320,4720,Ones Day
1321,1044086,Ops.7
1322,1039334,OP.X
1323,4714,欧华成
1324,1024400,OCULAR
1325,1049806,欧阳光
1326,4704,欧阳清风
1327,12996970,欧阳俊
1328,14098024,欧拍乐
1329,12213242,欧阳皖
1330,12493704,OG ROLLY
1331,14098645,ORI
1332,12279524,欧霖
1333,13734113,欧阳雄波
1334,12060060,OB03
1335,13643049,讴洋
1336,11992096,欧华
1337,13160089,欧景智
1338,758364,OscillatorZ
1339,12469061,Oho
1340,4708,欧中建
1341,12279033,欧宇轩
1342,14057095,欧阳原野
1343,12067017,ODd
1344,12488167,OK绷
1345,1132265,Ordy
1346,12279035,欧阳基
1347,4717,欧元
1348,12062259,欧阳文宸
1349,12049171,osman mamitimin
1350,229959,OG-K
1351,4707,欧阳巽涛
1352,4721,朴树
1353,4723,潘玮柏
1354,4726,Pianoboy高至豪
1355,4755,品冠
1356,4725,庞龙
1357,4813,齐秦
1358,4833,祁隆
1359,4863,齐晨
1360,1047440,秦昊
1361,4722,彭坦
1362,4752,彭于晏
1363,4724,潘裕文
1364,1024310,帕尔哈提
1365,4777,平安
1366,4793,乔任梁
1367,4711,区瑞强
1368,4873,奇然
1369,4837,邱永传
1370,1041119,Pahirdin-Rahman
1371,1050465,Panta.Q
1372,4759,彭钧
1373,4728,彭健新
1374,4895,任贤齐
1375,1038361,Seot
1376,1110009,Riyat.Yusup（热亚提.玉苏甫）
1377,4883,容中尔甲
1378,4831,乔洋
1379,784257,Jony J
1380,4811,秦立巍
1381,1047118,秋裤大叔
1382,4761,平远
1383,1178287,派伟俊
1384,1046460,潘广益
1385,867021,瓶中怪
1386,906049,Pancakelee
1387,4901,饶天亮
1388,4898,阮经天
1389,4902,润土
1390,4917,Ricky Ho
1391,168002,权振东
1392,4828,晴天
1393,4797,齐峰
1394,226363,乔振宇
1395,1071024,前冲
1396,4776,PDP
1397,5809,潘晓峰
1398,4732,潘长江
1399,4757,庞晓宇
1400,4882,热西·才让旦
1401,1036007,任重
1402,1015114,任东
1403,4908,任震昊
1404,1043222,秋野
1405,4851,祺云法师
1406,4815,齐.宝力高
1407,189453,秦勇
1408,4809,齐旦布
1409,4731,潘安邦
1410,4733,蒲巴甲
1411,4730,葡桃
1412,1077048,潘雨轩
1413,1007088,帕热哈提·苏来曼
1414,4896,戎祥
1415,4905,任同祥
1416,1078327,rovinabc
1417,4893,任岩
1418,4894,饶宁新
1419,1089215,七手
1420,991161,裘繼戎子千
1421,4829,裘盛戎
1422,1132976,秋火林荫
1423,1071062,ProgSoundMusic
1424,1049684,彭飞
1425,4771,彭柯
1426,1132712,橙汁studio
1427,1047272,软木
1428,1040160,任阳
1429,4881,仁科
1430,1156193,RHBE
1431,4812,七郎
1432,1132748,情缘思忆
1433,4795,秦永
1434,896234,奇志
1435,1039227,陆本平
1436,686007,潘寅林
1437,4756,Peter Lai
1438,4786,平川
1439,1047180,潘松和
1440,4744,彭修文
1441,4926,任宇翔
1442,4892,日波益西仁波切
1443,4922,荣星宇
1444,4900,容一敏
1445,4923,任浩铭
1446,4806,青山
1447,1019302,祈合
1448,4796,邱泽
1449,189807,祁哲西
1450,4729,潘劲东
1451,4749,彭为
1452,1075125,Peterovic
1453,935112,彭博
1454,1039206,任衍锟
1455,1063168,RYLIA
1456,1027034,Xerls
1457,4919,任和
1458,1043141,晴天狼
1459,190030,齐晨君
1460,4824,曲泉丞
1461,1053113,谦木
1462,1087796,齐浚羽
1463,4780,裴力
1464,4734,潘绍麟
1465,854436,庞锟
1466,1044270,彭三
1467,1019069,任路加
1468,4888,阮兆祥
1469,4920,阮仕春
1470,1039710,任梦良
1471,916051,仁青宫宝
1472,1043142,齐会超
1473,1120052,木音造樂
1474,896581,钱乐
1475,190494,邱胜翊
1476,4727,潘协庆
1477,4778,Posheric
1478,975410,PIKLANS
1479,1043454,Pipy&nbsp;He
1480,894015,任鲁豫
1481,4911,任军太
1482,1081483,Robot-Boy
1483,4924,阮以伟
1484,4884,Roger
1485,4825,秦俑
1486,1043396,千百顺
1487,4802,钱萌生
1488,4840,秋虹
1489,894026,祁汉
1490,797002,潘高峰
1491,4750,飘张
1492,4735,彭伟华
1493,4736,普布次仁
1494,860461,漂流街乐队
1495,4918,刃ASURA
1496,1039352,REVOLVER山猫
1497,1132402,任健
1498,1192304,瑞彦·迷嘉尔 MIKHAÉL
1499,1132068,魜
1500,4827,曲尔甲
1501,4826,奇哥
1502,1044024,丘与乐
1503,4856,秦靖红
1504,1063018,浅蓝
1505,4747,佩姬
1506,1039331,潘主任
1507,4765,朴一泽
1508,4763,怕黑
1509,4890,日京江羽人
1510,187369,Random Soul
1511,1081769,Thunse
1512,1041055,浅小寒同學
1513,1058236,Runner
1514,916042,邱锋泽
1515,4841,乔珊
1516,4807,秦咏
1517,4878,曲国庆
1518,4854,乔嘉
1519,5898,彭家熙
1520,4775,彭远扬
1521,1038385,破鸿
1522,4767,彭亮
1523,711587,任承浩
1524,625242,RPG
1525,4889,任鹏
1526,1039700,融化的雪人
1527,1081405,为你我受冷风吹233
1528,1032228,抢不到
1529,1077018,邱霖Big L
1530,1124005,秦天
1531,900051,乔军
1532,1150300,彭伟
1533,687067,Peder Af Ugglas
1534,4764,潘柯夫
1535,4746,彭永琛
1536,4891,戎梵
1537,1047133,任勇勇
1538,228246,RING
1539,1116106,任意门
1540,1039437,Ricky Guo
1541,4817,邱清云
1542,4861,崎君
1543,4816,曲文军
1544,4835,强子
1545,1057170,邱琢然
1546,827203,彭俊淞
1547,4737,澎恰恰
1548,1032020,OBEY$
1549,1164009,彭浩
1550,4887,Ronez
1551,4909,任双江
1552,862041,Replay乐队
1553,975738,Helix.T
1554,1047241,千草仙
1555,4865,齐萧
1556,4794,曲佑良
1557,222043,卿锋
1558,1156023,彭康亮
1559,1039016,潘鹏展 
1560,1043334,prome ma
1561,1014016,phsence
1562,1039883,荣鑫
1563,1040031,RRON
1564,1135215,徐衍
1565,1039505,任仂
1566,1132187,Rabbit-lcc
1567,4699,区均祥
1568,4800,岂珩
1569,1039387,七夏L
1570,1064025,琴售三
1571,1077015,Phany
1572,1078388,彭勃
1573,832021,彭高平
1574,1049609,彭志强
1575,1039251,RPZ
1576,1078069,rapof15
1577,1032315,孙毅然
1578,1066017,Rapki
1579,4710,区新明
1580,4810,秦杨
1581,1049029,千锤百炼Gyseal
1582,1137083,全辉
1583,1049209,彭冠英
1584,1081420,彭锐
1585,1124514,Penguin&nbsp;Wang
1586,1137154,彭小龙
1587,1049521,阮民安
1588,1089070,阮明杰
1589,1049065,任永恒
1590,1124276,秦郎
1591,4871,钱飞
1592,1087673,乔晨
1593,1097047,曲木古火·秋风
1594,4758,蒲成龙
1595,1049727,盘大王
1596,1050836,Pony Soore
1597,1050276,彭思桃
1598,1039277,powerA
1599,4921,容兵
1600,1030006,任俊陶
1601,1058126,RoseKhalifa
1602,4927,任升
1603,905486,rap随缘
1604,4803,清源
1605,4832,乔乐乐
1606,4859,秦文琛
1607,1060097,邱吉
1608,4748,潘孝佳
1609,1132019,P2Pover
1610,4753,庞洪铎
1611,1039842,pkzl
1612,4773,潘信维
1613,4899,任传麟
1614,1086016,荣子yJan
1615,1039708,戎庆杰
1616,1050831,Rico
1617,1063080,Talkbox Roc Kit
1618,1039565,邱伟宏
1619,1032407,囚牛的方舟
1620,4868,芊郁纯杨启
1621,1047132,上墙的土豆
1622,4738,潘军
1623,4784,潘艺翔
1624,841095,Patrick James
1625,1066028,彭彦川
1626,1039184,彭涛
1627,1063199,人彘
1628,787004,任语源
1629,1108105,RSK13
1630,1039253,Rapper歪弟
1631,13227191,瑞拉
1632,4804,曲世聪
1633,1049793,齐国
1634,1108146,Qzero
1635,4823,齐刚
1636,4805,邱暐议
1637,1081067,潘富顷
1638,1040028,PREWANTINGMUSICIAN
1639,4782,潘源良
1640,14099649,Rj热杰
1641,13134215,茹鹏浩
1642,13080289,Rookley
1643,12525523,饶封
1644,12448205,Ryan.B
1645,4874,邱启明
1646,768057,祁家琛
1647,4875,钱刚
1648,12409239,日道法师
1649,12279713,RK金承熙
1650,12408083,Richard Faint
1651,12263765,任海旺
1652,5073,宋冬野
1653,5039,石进
1654,4941,孙楠
1655,5103,孙子涵
1656,4948,苏永康
1657,5047,胜屿
1658,4942,沙宝亮
1659,797087,smile_小千
1660,43884,Senpai
1661,4934,苏阳
1662,4947,孙耀威
1663,4938,苏醒
1664,861208,shohruhxon
1665,5022,孙伯纶
1666,4937,沈庆
1667,5015,宋捷
1668,1039650,S9ryne&nbsp;
1669,4936,宋岳庭
1670,4935,爽子
1671,1037013,少恭
1672,5084,石头
1673,4959,誓言
1674,5025,孙浩
1675,5087,SOCO真
1676,693018,宋小宝
1677,190497,萨满
1678,4968,孙国庆
1679,43515,Sbazzo
1680,4940,苏有朋
1681,4943,三宝
1682,896003,沈震轩
1683,1159133,深七
1684,5008,沈懿
1685,1081895,Shepqet
1686,5134,孙浩雨
1687,5190,Saul
1688,975679,上官晓懿
1689,1146106,苏琛
1690,4964,索朗扎西
1691,4946,苏遇
1692,1028151,司徒嘉伟
1693,4961,史志有
1694,2468,SoundzImage
1695,1081368,十年时间
1696,4952,石康钧
1697,5062,宋孟君
1698,4976,孙小宝
1699,983048,Fye93
1700,1124329,苏勇
1701,4951,施文斌
1702,5099,杉籽伽
1703,1044144,三亩地
1704,4955,施文彬
1705,5078,石磊
1706,4953,沈文程
1707,1039902,沙洲
1708,5065,三郎王青
1709,1039020,孙诺涵
1710,1057045,宋小墨
1711,5026,司文
1712,4974,盛中国
1713,818242,帅霖
1714,5127,宋雨喆
1715,5151,Sunbin
1716,1047197,山下直人
1717,5155,苏晴
1718,4998,沈洋
1719,1192515,盛一伦
1720,5018,孙辉
1721,1015016,石头 (五月天)
1722,4962,宋雪莱
1723,855323,桑泉
1724,4970,孙敬凡
1725,5168,撒贝宁
1726,5082,孙博
1727,1039177,三月芦苇
1728,1040093,沈波
1729,1032107,身斜影正
1730,908196,沈昊飞
1731,1087766,十三狼
1732,1043295,Senders Chen
1733,1132218,宋赫伦
1734,221439,舒米恩
1735,5101,苏颂
1736,4939,Sulumi
1737,1073061,StarX
1738,5115,沈尔宁
1739,5000,三木科
1740,4965,舜文齐
1741,5042,孙自佑
1742,5149,Sow Sorrow
1743,806087,司影东
1744,5021,宋秉洋
1745,787035,依兴驰
1746,1047049,Yoken_Official
1747,5112,孙异
1748,768266,李&nbsp;老&nbsp;板
1749,1043432,史峰陶笛工作室
1750,4958,孙协志
1751,5121,苏麦
1752,5196,陶喆
1753,5205,谭咏麟
1754,5195,Tank
1755,5197,童安格
1756,5199,邰正宵
1757,5200,屠洪刚
1758,5234,佟大为
1759,31286,The Shanghai Restoration Project
1760,5207,泰迪罗宾
1761,5198,腾格尔
1762,1081269,M R U O
1763,1120093,UmuD Eziz
1764,1040136,UNDERAQUE
1765,1039046,Uncle&nbsp;Martin
1766,1087332,Uncle Hu
1767,237262,UP
1768,5243,谭盾
1769,5206,唐磊
1770,5227,唐禹哲
1771,5203,汤潮
1772,12675884,USAGii
1773,1050281,Cilantro_killer
1774,1087008,Ulysses
1775,13158027,U记仝人
1776,1050140,逆流Group
1777,5342,V.K克
1778,789949,VISUDY
1779,1049083,VESK&nbsp;GREEN
1780,5246,田一龙
1781,5208,谭炎健
1782,1053284,Vous Records
1783,817015,Vanhci
1784,1040098,verahuuu
1785,1044078,VISIN
1786,5232,田家达
1787,1038388,T.S.O 王利夫
1788,1039419,Tolein
1789,5311,苟乃鹏
1790,5231,屠颖
1791,978071,vinck
1792,1050792,Var3D
1793,1063151,VincentSax
1794,969079,唐思宇
1795,1155005,Terry&nbsp;Zhong
1796,962175,谭旋
1797,5257,谭佑铭
1798,1132526,名词
1799,1048033,VOICHAN
1800,1040036,Volley
1801,1039828,Vegetarian Lion
1802,1051025,Vai
1803,1046418,TopManss
1804,5250,天津饭
1805,908122,覃桢
1806,5277,谭建建
1807,5247,汤子星
1808,1060100,Neo&nbsp;Zhang
1809,12279905,Vanilla
1810,1050440,Veeos
1811,12262889,Victim Mentality
1812,14099343,Veronique B
1813,992023,陶定哟哟
1814,5248,陶培力
1815,5238,佟铁鑫
1816,2000,塔斯肯
1817,11977081,Vacen奕忠
1818,1050459,Vica_Scream
1819,1192469,Vacance.ZEN
1820,1045023,VeduYao
1821,1039825,ven
1822,805086,TedJon
1823,5274,汤非
1824,985262,唐龙
1825,5225,谭宝硕
1826,5336,谭炜星
1827,14101634,VOGUE 5
1828,12412082,Vittoria Hilz
1829,12323154,VANITAS
1830,12067038,Vonenzo Baschello
1831,1135230,VICON
1832,5285,The Lee's
1833,1039199,檀健次
1834,861410,TooPhat
1835,5251,唐人踢
1836,5273,谭顺成
1837,1106026,VAIOTME
1838,1087294,V-3nt
1839,776642,Valentina Villarroel
1840,670008,覃元隆
1841,5201,童孔
1842,5284,唐鹏
1843,5211,汤小康
1844,1087265,Umvt
1845,817017,唐从圣
1846,1193004,唐伯虎
1847,5260,谭富英
1848,5233,谭炳文
1849,826350,唐鑫
1850,787107,陶峻汐
1851,5213,唐尼
1852,187966,田娃
1853,5215,谭耀文
1854,5317,唐建平
1855,1150212,提才哥
1856,5210,图利古尔
1857,5323,覃春江
1858,1050530,Toby&nbsp;Davis
1859,5252,铁热沁夫
1860,5204,唐朝老五
1861,1049879,唐志星
1862,1086078,Ty.
1863,5270,田宇哲
1864,1043143,tadi
1865,5276,汤骏业
1866,789121,琨
1867,5209,唐文龙
1868,5239,唐尧麟
1869,5286,童杰
1870,896908,覃洁
1871,758202,唐旭东
1872,5229,唐彪
1873,1019687,谭小雨
1874,1020117,兔子和零
1875,1049195,天堂飘雪
1876,5212,庹宗华
1877,1081365,TröZii
1878,3608,覃晔
1879,5244,田跃君
1880,5220,田华
1881,5266,唐健垣
1882,1046320,Tak
1883,203383,TORO
1884,5224,Tae
1885,1049766,田振达
1886,861730,谭曦
1887,1064008,田校同
1888,977050,陶佳明
1889,1043257,汤祯钰
1890,947040,田连元
1891,1043219,田宇杨子
1892,5216,谈军
1893,729002,童丹
1894,1011107,天庥
1895,1040085,TNTLILY
1896,5346,王力宏
1897,5347,汪峰
1898,5358,王杰
1899,964108,吴亦凡
1900,5354,伍佰
1901,5538,汪苏泷
1902,5345,万晓利
1903,5349,魏晨
1904,5678,五色石南叶
1905,5350,吴克群
1906,5499,王艺翔
1907,5518,王铮亮
1908,5379,韦礼安
1909,5568,Winky诗
1910,5357,伍思凯
1911,5360,吴宗宪
1912,818156,王凯
1913,5348,王啸坤
1914,999220,王俊凯
1915,5431,王绎龙
1916,1015042,王继阳
1917,966016,吾恩
1918,5546,吴欣睿
1919,896550,王晓天
1920,5352,王梵瑞
1921,5356,吴奇隆
1922,5761,王小洋
1923,5359,巫启贤
1924,5427,王强
1925,5365,温兆伦
1926,5529,吴彤
1927,956386,王源
1928,187229,吴青峰
1929,5438,王建房
1930,5550,武艺
1931,1023010,魏小涵
1932,794040,W.K.
1933,5378,王威
1934,5506,王崴
1935,5362,王俊雄
1936,1015092,王胜
1937,5473,吴秀波
1938,5370,王栎鑫
1939,5382,吴建豪
1940,5418,王宝强
1941,5680,Walker
1942,5551,吴俊余
1943,5425,王祖蓝
1944,5531,王童语
1945,1047178,吴业坤
1946,851015,王喂马
1947,5388,翁立友
1948,1039296,王朝
1949,1041154,WARISJAN ABDUREHIM
1950,5682,伍华
1951,5397,吴浩康
1952,1057067,文先生
1953,5591,王矜霖
1954,5620,王闻
1955,1060108,王华峰
1956,5603,王备
1957,188556,王宝
1958,5399,吴国敬
1959,954145,王更新
1960,5387,王洁实
1961,5512,汪正正
1962,905477,魏一宁
1963,5622,王弢
1964,5408,吴卓羲
1965,5670,汪东城
1966,5446,吴启华
1967,5539,瓦其依合
1968,827615,王博文
1969,5595,吴佳明
1970,5442,吴彤
1971,3669,王三溥
1972,1047237,五音Jw
1973,1073042,王进
1974,5444,王鹤铮
1975,1043049,宛萌泽
1976,5464,王志文
1977,5600,文章
1978,203235,王大文
1979,5700,乌达木
1980,5549,王睿
1981,5593,完玛三智
1982,1072015,王思远
1983,5371,王宏恩
1984,5405,伍国忠
1985,5355,吴宁越
1986,792664,王大痣
1987,187872,吴镇宇
1988,5406,王宏伟
1989,5424,韦雄
1990,5626,王志
1991,5404,王子鸣
1992,5389,王识贤
1993,1039717,吴承俊
1994,1006034,王泽瑞
1995,1137325,王青
1996,5781,薛之谦
1997,5770,许巍
1998,5771,许嵩
1999,5768,萧敬腾
2000,5773,谢霆锋
2001,5997,小曲儿
2002,5787,许志安
2003,5944,夏天Alex
2004,5871,许廷铿
2005,5782,许冠杰
2006,6066,杨宗纬
2007,4903,尧十三
2008,6075,庾澄庆
2009,6290,音频怪物
2010,6070,游鸿明
2011,5929,徐良
2012,5767,谢天笑
2013,5786,徐誉滕
2014,5793,小沈阳
2015,5963,小皮
2016,956206,岳云鹏
2017,6068,杨坤
2018,6090,杨瑞代
2019,813378,约瑟翰庞麦郎
2020,6076,俞灏明
2021,6452,周杰伦
2022,6460,张学友
2023,6731,赵雷
2024,6457,张国荣
2025,6462,张敬轩
2026,1132127,萧忆情Alex
2027,5951,小贱
2028,5774,萧煌奇
2029,5772,小柯
2030,6091,宇桐非
2031,6071,杨培安
2032,6084,杨嘉松
2033,1078374,伊丽莎白鼠
2034,6067,尹吾
2035,6472,张杰
2036,6652,周传雄
2037,6454,张信哲
2038,6469,张宇
2039,6479,周柏豪
2040,5766,小河
2041,5769,信
2042,813196,许镜清
2043,5897,谢天华
2044,5888,星弟
2045,6064,袁惟仁
2046,6079,言承旭
2047,939088,易烊千玺
2048,6288,颜小健
2049,6100,余文乐
2050,6729,赵照
2051,6473,郑中基
2052,6456,周华健
2053,6040,萧全
2054,1047088,小魂
2055,5777,谢和弦
2056,847107,谢帝
2057,918031,性人盒
2058,6211,幼稚园杀手
2059,1047065,佑可猫
2060,6107,易欣
2061,6098,叶启田
2062,6491,郑伊健
2063,166016,张赫宣
2064,6458,郑钧
2065,6453,张震岳
2066,6487,张智霖
2067,5866,小安
2068,5779,薛岳
2069,5775,熊天平
2070,789541,小义
2071,1047348,西瓜Kune
2072,6085,阎维文
2073,1079074,余佳运
2074,6094,叶世荣
2075,6145,尹相杰
2076,6097,叶振棠
2077,6474,钟立风
2078,5776,小宇
2079,5904,小植
2080,1115075,西瓜JUN
2081,189307,小右
2082,808050,杨炅翰
2083,6240,于魁智
2084,6065,郁冬
2085,1054173,杨洋
2086,976004,牙牙乐
2087,6467,左小祖咒
2088,6891,赵英俊
2089,816103,纣王老胡
2090,166025,邢天溯
2091,5894,徐鲤
2092,1005028,徐大乐
2093,5998,Xun（易硕成）
2094,6116,尤大淳
2095,6083,余宪忠
2096,844123,云飞
2097,6108,叶文辉
2098,6470,郑源
2099,6463,赵传
2100,6480,张栋梁
2101,6459,张雨生
2102,5795,熊汝霖
2103,5798,小肥
2104,5924,小5
2105,5840,徐子崴
2106,5785,谢军
2107,6234,严爵
2108,6274,杨乐
2109,6156,杨洪基
2110,6099,雨天
2111,6464,张卫健
2112,6495,钟镇涛
2113,6461,周云蓬
2114,6483,赵鹏
2115,6455,张楚
2116,1064054,西山居游戏音乐
2117,5849,谢东
2118,5788,小虫
2119,5937,许之糯
2120,6443,印能法师
2121,6242,Y Lam
2122,6353,杨海彪
2123,1108137,痒局长
2124,824125,尹熙水
2125,6492,钟汉良
2126,167016,张玮
2127,1047015,张艺兴
2128,1030001,周深
2129,5817,萧正楠
2130,5801,小曾
2131,5790,雪村
2132,6055,小臭臭
2133,6092,亚东
2134,1132738,张磊
2135,6476,张智成
2136,6681,张翰
2137,6488,张过年
2138,5778,萧闳仁
2139,1045018,小欢
2140,784472,小人
2141,1035021,许一鸣
2142,6101,袁耀发
2143,6494,张镐哲
2144,6725,郑国锋
2145,6498,郑少秋
2146,1038040,赵紫骅
2147,5780,西皮士
2148,5808,肖飞
2149,5986,徐一鸣
2150,5842,薛伟
2151,6122,阎学敏
2152,980025,周兴哲
2153,6670,左宏元
2154,954410,周三
2155,990177,赵海洋
2156,1029002,薛小毅
2157,5908,薛汀哲
2158,1046333,小少焱
2159,5967,晓逍
2160,5805,许乐
2161,991238,严老板
2162,6208,炎亚纶
2163,955267,袁腾飞
2164,6072,永邦
2165,1024313,余枫
2166,6512,臧天朔
2167,6478,赵已然
2168,6692,钟明秋
2169,975282,郑恺
2170,939083,郑俊弘
2171,5806,许绍洋
2172,5800,徐清原
2173,837328,许鹤缤
2174,6018,小山
2175,186010,徐克
2176,6349,闫旭
2177,6398,杨浩龙
2178,6200,余果
2179,1047051,元首
2180,1047223,玉璇玑
2181,1084119,张晏铭
2182,6482,周治平
2183,6774,张羿凡
2184,6468,郑智化
2185,6509,赵季平
2186,840106,邢磊
2187,5875,邪恶少年EB
2188,5994,心定和尚
2189,5995,小猛
2190,5810,徐嘉良
2191,1040173,艺涛
2192,1193189,杨宝心
2193,6120,袁小迪
2194,6087,杨庆煌
2195,992001,张阳阳
2196,6497,周国贤
2197,6484,周渝民
2198,6676,张津涤
2199,5799,薛忠铭
2200,6039,肖晨
2201,791328,熊熊作业
2202,1102063,谢昊轩
2203,6161,应昌佑
2204,947036,易中天
2205,6310,渔圈
2206,6077,易桀齐
2207,171008,朱梓骁
2208,6481,张洪量
2209,6982,祝贺
2210,6756,张智
2211,794076,张宇桦
2212,5819,徐靖博
2213,1018121,潇梦临
2214,5796,徐小明
2215,5794,萧福德
2216,5784,夏韶声
2217,6299,杨亮
2218,1063217,印良法师
2219,6231,姚政
2220,905413,于湉
2221,6475,张亚东
2222,6918,张艺德
2223,6485,赵牧阳
2224,6730,周汤豪
2225,886187,张恒远
2226,5835,小黑
2227,981058,小荣童鞋
2228,5933,秀才
2229,1182013,夏克立
2230,5901,徐沛东
2231,6114,阳一
2232,1079032,杨大林
2233,6171,郁钧剑
2234,6078,杨晨
2235,6501,张明敏
2236,6696,周子雷
2237,190340,周觅
2238,6827,赵真
2239,6520,张振宇
2240,6015,小骆驼
2241,1039534,鲜远
2242,5821,徐浩
2243,1087706,谢小宇
2244,1078079,谢中杰
2245,6112,殷承宗
2246,6080,俞思远
2247,6333,Young Kin
2248,6303,姚可杰
2249,787025,杨栋梁
2250,6976,赵本山
2251,1023288,郑子威
2252,1043044,中国放碟者
2253,961075,赵泳鑫
2254,952073,赵烁
2255,5891,萧斌
2256,5969,欣哲
2257,6026,小军
2258,6096,杨臣刚
2259,6134,俞逊发
2260,6089,尹光
2261,6082,杨明煌
2262,6513,张继聪
2263,6661,周志华
2264,229274,郑海龙
2265,10704,赵鑫
2266,1193388,张本煜
2267,6363,袁成杰
2268,6359,亦勋
2269,979076,杨牧
2270,6223,袁野
2271,6184,杨斌
2272,6719,周晓鸥
2273,1018074,张尧
2274,6854,郑东
2275,6500,张克帆
2276,864025,张亮
2277,6220,雨镈
2278,942094,杨朗朗
2279,6069,杨一
2280,6185,余润泽
2281,6309,Young&nbsp;Mai
2282,759479,周磊
2283,6874,张震
2284,6695,周思贤
2285,818207,钟定一
2286,6734,朱铭捷
2287,6111,于冠华
2288,1038053,颜韵Ycy
2289,6103,虞洋
2290,1050841,夜明的孤行灯
2291,1049003,于小彤
2292,6617,张伟进
2293,6496,张广天
2294,860958,子曰秋野
2295,1088047,张若昀
2296,4950,山野
2297,1160021,陈弗来Frank
2298,818573,3ASiC
2299,1151026,瞿子千
2300,1089204,&nbsp;阿威嘛
2301,1158147,卖血哥
2302,1142042,徐梦圆
2303,790044,小峰峰
2304,790102,群可
2305,1152002,Davis.X
2306,2492,常定晨
2307,1143074,小鱼儿YT
2308,1159045,齐一
2309,1158079,Abdusalam Akbar
2310,1158111,Mc魏小然
2311,1158209,王柏鸿
2312,839984,42
2313,1145009,颜森男
2314,1185097,部落说唱
2315,1139022,SFat
2316,1158096,adil&nbsp;mijit
2317,7057,14?
2318,1159034,夏夕
2319,1160009,吃素的狮子
2320,1158097,RiFat
2321,1138028,饭碗的彼岸
2322,1139030,Tea
2323,1138004,晓月老板
2324,1081136,鄢磊
2325,1140029,陈进
2326,977173,3Bangz
2327,1038210, 苏竑嶂 
2328,790087,成云刚
2329,1158046,A-Mac
2330,130149,69
2331,1160146,DilmuratAblikim
2332,6602,张铠麟
2333,1049895,1993的地铁
2334,790099,孙明
2335,790114,魏俫
2336,962332,DJ Morning
2337,1158119,Leo1Bee
2338,1196021,Ezimet&nbsp;Kurban&nbsp;AzmatKurban&nbsp;艾孜买提.库尔班
2339,1047093,永安二胡
2340,1027044,LuckyZhang
2341,236538,崔文斗
2342,1158038,DjsmallYu
2343,1049085, 王洪迪
2344,1050480,5_Chillz
2345,1160101,大杰克
2346,1183027,Dilxat
2347,1184012,飒爽叔
2348,790068,花花和它的朋友们
2349,1160141,DJ&nbsp;Mr&nbsp;Steven
2350,1183043,坠；一
2351,790045,韦琪
2352,1185062,宋宇航
2353,1195043,热依木江
2354,1183050,Kamilseypidin
2355,1160132,Mawlanjan&nbsp;Muhtar
2356,1160100,王然
2357,964085,Lanx
2358,1145031,静风舞
2359,1196022,周疯狂
2360,1183100,DJMaksJ
2361,1153002,Sea云
2362,1184055,不洁
2363,790032,地铁兄弟
2364,1150238, 圆光 
2365,1039540,23MITD/23MINUTES INTO THE DREAM
2366,790024,李婧艳
2367,1142052,happyahcin01
2368,1196019,李济宏
2369,790009,刘尊
2370,1184041,章沐
2371,1183025,童瑤
2372,5851,湘海
2373,790014,徐宾
2374,1159091,奥博
2375,1185064,陈麦麒
2376,827237,醉梦千城
2377,790101,杜元竣
2378,1185048,行文泽
2379,1151005,Kvetch
2380,1158100,留声玩具
2381,1139025,輪迴
2382,1160145,PopDan
2383,1140006,涛爸
2384,1153020,Kigga
2385,1138008,天儿
2386,1183065,HavocTang
2387,1158066,Worezh
2388,1151001,未来星B3Rich
2389,1183051,阿礼
2390,1140016,蔡伯阳
2391,1184066,贺铭洋
2392,791541,梁存
2393,790131,天权
2394,1142068,刘天义
2395,1158025,FOLDin
