ç”¨æˆ·id,æ˜µç§°,é­…åŠ›æ€»æ”¶å…¥,æˆ¿é—´æ¸¸æˆæ€»è®¡
5a5d8fd88ea6a005db93655d,ASï½èƒ¡å­å“¥,124494,6351880
5abe44838ea6a041bb27f44d,luckyæ°´å†°æœˆ,10260,4035760
5ab994ff8ea6a06934481ef9,AS_é”¦å®å®,776,73790
5ac1b42a8ea6a005d207a723,ä¹äº”ã€å°çŒª,2128,85160
5ac1db058ea6a005d207d4f3,lucky-ä¹å°¾,12510,1171950
5ab90f118ea6a06934480427,Luckyé€—é€—,250,801270
5aba07c88ea6a06934485289,HQ_å¥ˆå¥ˆ,14532,3456880
5abf1aae8ea6a005d205b8fb,ä¸Šç¥,22736,1141210
5ac5d7bc8ea6a005d20aefa6,æ˜Ÿè¾°ç¾ç’‡,10,130
5abf2afd8ea6a005d205c64f,æ˜Ÿè¾°ğŸ€å…”ç¥,870,251220
5ac5e7378ea6a005d20b0230,éœ¸çˆ·ğŸ‘‘ğŸ’ƒ,314,548540
5a13d5271d41c806463128ff,HQç”œæŸšğŸ‰,3159,1113240
5ac064ea8ea6a005d206ad55,king é˜¿æ´›,91132,582525
5ac06ddc8ea6a005d206b526,æ˜Ÿè¾°å°å°é›…,0,412780
5ac437378ea6a005d2099c5b,nan ç©†.,0,276650
5ac83e548ea6a005fb239acc,luckyå°æ€¡é…±,366,368370
5ac321668ea6a005d208caf5,ä¹äº”ã€ä¸æ¸©æŸ”,30,59900
5a13cf121d41c8064630fcb8,HQ&å®‰å„¿,126,524690
5ac995018ea6a005fb250e01,luckyèº²èº²,1250,52060
5ab6570e8ea6a06934436f44,QMç‚¹ç‚¹,412,79280
5abf76b08ea6a005d206229c,lukyå®è´å,4297,1135550
5ac05fe28ea6a005d206aa0d,enthusiastic,0,2660
5ac58f848ea6a005d20aab14,ä¹äº”ã€å’Œé£,6372,853785
5ac5d26b8ea6a005d20ae9de,luckyåŒ—åŒ—,1414,674480
5ac3a12d8ea6a005d2096a69,QM çº¢å”‡é˜¿,70,594570
5a8918ab8ea6a005e55b1e99,éº»è¾£ç³–,0,230
5ac0533c8ea6a005d206a1ab,luckyå¥¶ç³–,10,110
5ac3a7288ea6a005d2096fe8,å°å…«,240,1458720
5ac071c58ea6a005d206b921,luckyå·¦æ‹‰,0,167140
5ab65fe98ea6a06934437f89,QMå—ç“œ,3202,2783810
5ac1db7f8ea6a005d207d57a,æ–°ğŸŒ™çªçª,1831,119970
5ac24d0a8ea6a005d2085ed5,ä¹äº”ã€å°é£å¤©,3208,955940
5a13c95e1d41c8064630d242,GS-å°›å¦,12139,3212150
5ac2ec798ea6a005d208937b,çˆ±æƒ…çˆ¸çˆ¸,842,242420
5aa770418ea6a005e5bd464f,ä¹äº¿å°‘å¥³çš„æ¢¦ğŸ˜ˆ,0,800
5abe0fac8ea6a041bb27b566,luckyæ¡”æ¢—,310,421910
5ac0e87c8ea6a005d2074495,æ˜Ÿæ™¨.äºå°é±¼,38371,671575
5ab9dbfb8ea6a06934482d5d,AS-Lay,800,328095
5ac068878ea6a005d206b0ee,kingå®é“,6052,564990
5abfa13e8ea6a005d2065947,æ˜Ÿè¾°ã€å¨‡å¦¹å„¿ğŸ”†,15442,693485
5ac04ddb8ea6a005d2069d91,luckyä½³å¦®,852,813665
5abf073d8ea6a005d205aa15,Luckyä»™å¥³é›ª,5315,4295360
5ab790e88ea6a0693445b6fb,HQè¾¾ä»¤,12683,1754840
5ac1d55f8ea6a005d207ce80,Lucky666,12844,362370
5ac838748ea6a005fb239202,luckyå°å§å§,784,429580
5ab783668ea6a06934459cae,çˆ±ç¬‘çš„ç”œç”œ,30,105
5abda66c8ea6a041bb275bc3,luckyå°è‹’,12636,1049620
5abd24b38ea6a041bb274483,Luckyç±³å¤š,1738,3144440
5abf99cd8ea6a005d2064f40,æ˜Ÿè¾°/Coco ,1220,3325670
5ac650f18ea6a005d20b9a01,é˜³å…‰â˜€éƒ­é›…å©·ğŸ’‹,18758,75940
5ac309998ea6a005d208ae74,luckyå¿å¿,16286,995250
5ab9d1308ea6a06934482ab8,luckyé¦¨å®,15517,3742455
5abf6ed18ea6a005d20616bc,luckyå°ç™½èœ,4318,1921500
5ab88f448ea6a06934479540,ä¹äº”ã€å¯æ¥½å„¿,386,468370
5abf6d558ea6a005d2061556,ä¹äº”ä¸¶ç‹¬è§’å…½,10534,2014965
5ac037638ea6a005d206903f,luckyå’©å’©,330,526930
5abf9b148ea6a005d2065102,luckyåœŸè±†,6436,1828670
5ab8c35f8ea6a0693447cb86,luckyå¦®,5363,4098430
5ab65ab18ea6a069344375f7,QM-ç²¥ç²¥,2808,1221700
5aba34548ea6a02a8922add6,ä¹äº”â€“å®‰å¦®,19255,3138250
5ac7c8f78ea6a005d20ce5aa,luckyé¢ç ,380,523410
5ab9bf708ea6a06934482682,æ˜Ÿè¾°ã€çªçª,11838,483510
5ab787fa8ea6a0693445a5d9,HQæ©™å­é…±,920,1019560
5ac795998ea6a005d20cb305,lucky ç«¥ç«¥,2304,1265310
5ac04de88ea6a005d2069d9e,lucky ii,0,4310
5ab8c4e38ea6a0693447ccd4,æ˜Ÿè¾° å››æœˆ,4376,1052490
5ac0e0d68ea6a005d2073a0e,Z&zçŠçŠ,1527834,1441510
5ab8b4478ea6a0693447c36b,ä¹äº”ã€ç±³å®,31314,2559140
5acb3b438ea6a005fb26e120,é˜³å…‰â˜€å¥³å­©,0,10
5ac074e88ea6a005d206bbf8,zz,162,256260
5ac052e28ea6a005d206a17a,lucky7,0,30
5ac03f7f8ea6a005d20694e6,Lucky å°å®,43807,2572550
5ab8cda38ea6a0693447d48b,æ˜Ÿè¾°ã€å®‰å¯ç”œ,15655,1113570
5abf7e388ea6a005d2062c28,Luckyè¿‡å¤©,826,723690
5ac98c958ea6a005fb2505aa,åªšåªšocA4PwiL8RRaaA7jGvi2ig0k7d5c,2306,277360
5a1298dc1d41c8064628e862,GS-è‹å¿µå„¿ğŸ’‹,37976,1763870
5ab89f668ea6a0693447b4f4,æ˜Ÿè¾°-å¼ æ„Ÿæ„Ÿ,9684,1450945
5abf6b978ea6a005d2061346,luckyçŒ«å’ª,1686,941170
5ac31ccb8ea6a005d208c566,éœ²å®,0,1500
5ac5ca498ea6a005d20adfe7,luckyå¦¹,2180,979700
5ac8615f8ea6a005fb23bb49,TXæ…§å­,123802,1120500
5abf712a8ea6a005d2061ad9,ä»€ä¹ˆç ´å¹³å°,0,300
5ac4cbdb8ea6a005d20a45ac,æ˜Ÿè¾° é›ªéœ,250,10590
5ac78fcb8ea6a005d20cabc1,luckyå…”å´½å­,544,682650
5ac707f68ea6a005d20bf26a,luckyé¯¨é­š,3240,302680
5ab8ac4a8ea6a0693447bfb5,QM,14375,1389290
5a7148448ea6a006f420cbd7,GS_ç‘¶ç‘¶,17238,2649320
5ac71a5a8ea6a005d20c082a,luckyé‡‘ç¾ç†™,2831,470720
5abf7b648ea6a005d20628aa,luckyå¨œå„¿,13580,2386740
5ac5eae48ea6a005d20b05ce,lucky_M,1322,904000
5ab729768ea6a0693444efc8,Luckyâ™¥æŸ æª¬,10,525220
5ac9f7a18ea6a005fb259fb8,TXæŸ æª¬,2976,4105870
5ac5d02a8ea6a005d20ae61b,luckyç‰™ç‰™å¦¹,252,1583730
5abdcd4a8ea6a041bb277711,Lucky æ²™æ²™,7240,2309630
5ac9ecb38ea6a005fb258b8c,A+ç¨³ç¨³,1034,532690
5ac245e88ea6a005d208588d,å¸è½½â˜€,759043,1397890
5ac618158ea6a005d20b43b3,æ˜Ÿè¾°  åœ†åœ†é‘«,73952,232880
5ac0ea908ea6a005d2074716,ä¹äº”ã€å°æ‚¦,3430,924900
5ab787558ea6a0693445a4c2,HQ-å°å˜Ÿå˜Ÿ,2308,1378670
5ab99f048ea6a06934482211,luckyå…”å…”,10682,1821150
5abcc67f8ea6a041bb2702c2,æ˜Ÿè¾°ä¸¶è‚‰å¤šå¤š,29133,2959240
5a77281a8ea6a006f4327314,GS_ä¸€éœ,2004,1074320
5ab7a9fb8ea6a0693445ebc5,HQç‘¶ç‘¶å°æœ‹å‹,1820,17740
5ac08dea8ea6a005d206d818,ä¹äº”ã€æ–‘é©¬,26035,2286490
5ac315c08ea6a005d208bd24,æ˜Ÿè¾°â¤æƒ³é™é™,102,1300
5ac0915f8ea6a005d206dc01,kingIric,792,88520
5ab79baa8ea6a0693445cee7,å°æ™¨,340194,20910
5ac075d98ea6a005d206bd07,ä¹äº”ã€å–å–å–å–,38273,2508335
5ac311938ea6a005d208b744,LuckyèŠŠèŠŠå‘€,6519,73080
5ab629f28ea6a06934431c60,QM-ç³–æœ,0,385
5abb36d88ea6a02a8922b664,ä¹äº”ä¸‘ä¸‘,7331,3728680
5ac86d8f8ea6a005fb23cdc9,lucky ç•…ç•…,70,430150
5ac370ff8ea6a005d2092b0f,QMæ©˜å­æ±½æ°´,10,5700
5ac3173e8ea6a005d208becb,luckyè¾£è¾£,170,223400
5ab9bc178ea6a0693448264f,è±†èŠ½,4528,1877110
5ac06d798ea6a005d206b4db,ä¹äº” çŒ«é¥µ,5774,1349030
5abc4f6f8ea6a041bb26c6e1,AS-éƒ‘è‹§å„¿,4605,687965
5ab8a7558ea6a0693447bd20,luckyâ˜˜ï¸æ—,3862,2315760
5ac317ad8ea6a005d208bf17,luckyå•µå•µ,122,464200
5abf6b948ea6a005d2061342,luckyå¦®å­,20,140540
5ab8b9a98ea6a0693447c603,AS~è€ƒæ‹‰,666,1028630
5abfc72f8ea6a005d20676a1,Luckyå†°å±±,3500,2202545
5ab730178ea6a0693444fcf6,å½¼å²¸ æ—©å®‰å–µ,11624,1869980
5ab932228ea6a06934480f5d,luckyé™,3143,1695260
5ab9ade78ea6a0693448242a,lucky æ™¨æ™¨,30253,2108560
5ab88f778ea6a069344795ce,ASå…œå…œ,0,687550
5ac60ed28ea6a005d20b3300,Luckyå°èŒå¦¹,1048,961310
5a96b67f8ea6a005e5883136,ä½ çš„å°å“¥å“¥ğŸŒš,1102,43930
5ac885438ea6a005fb23f3ff,V+å“ˆå°¼,7590,4251370
5ac068708ea6a005d206b0a8,luckyæ…§æ…§,6806,819980
5ab8a0a28ea6a0693447b5a5,æ˜Ÿè¾°ã€é“é“,3585,1685040
5ab9aad68ea6a06934482385,luckyå°å¤ªé˜³,17150,2094230
5abef9d48ea6a005d205a13f,æ˜Ÿè¾°ã€å¥¶èŒ¶å¦¹å¦¹,3460,1710090
5ac844bc8ea6a005fb23a17c,Luckyåˆºç—›,10560,1119690
5ac3a0a98ea6a005d20969fc,QMå°‘å¥³,0,267380
5ac60a5a8ea6a005d20b2b14,æ˜Ÿè¾°ã€æ¢¦æ¢¦,1046,23020
5ac76b148ea6a005d20c6f09,ä¹äº”ã€é£˜é£˜,5400,169000
5ac223568ea6a005d2082cd5,æ˜Ÿæœˆâœ¨å‘é˜³èŠ±ğŸŒº,220,1237080
5ac87a6f8ea6a005fb23e27a,CCã€äº‘äº‘é…±,378,42390
5ac085a48ea6a005d206cf7b,æ˜Ÿè¾° ç³–ç³–,796,6580
5ab7fe1b8ea6a06934468a0c,HQæ¬£æ¬£,160,1993970
5a8c41fa8ea6a005e5654075,GS_å«Šé¢œ,4737,1028255
5ac64b528ea6a005d20b942f,é˜³å…‰â˜€ï¸å°èŒƒèŒƒå‘€,197244,5621040
5ac7a9258ea6a005d20ccafe,lucky-å›¢å›¢,1016,1453830
5abe23128ea6a041bb27caba,Luckyå¥¥å¦¹å¦¹,8819,1922215
5abf0d838ea6a005d205af81,luckyæš–æš–,560,572460
5ac21ebc8ea6a005d208281c,æ˜Ÿæœˆç®€å•çš„çŒªå®,106,103430
5ab7ab2c8ea6a0693445ee45,HQäºŒæŸ“,208,1855950
5ac0dd4c8ea6a005d2073456,æ˜Ÿæ™¨ã€æ˜¯å®å„¿å‘€,3475,39020
5ac1efc78ea6a005d207ee90,luckySha,156,334605
5a9cde6a8ea6a005e59c914a,AS~å°èŠ±,4540,2800100
5ac04e988ea6a005d2069e4c,luckyå¤æœµæœµ,428,263300
5ac494d78ea6a005d209f963,CCã€è¿ªå“¥,9690,64650
5ac06e458ea6a005d206b562,æ˜Ÿè¾°å¾®å®å®,90,650
5ac065f28ea6a005d206ae13,æ˜Ÿè¾°.æ¬£,40,234600
5ac0b3ca8ea6a005d20702e3,æ˜Ÿè¾°èŠ’æœ,0,3740
5ab674558ea6a0693443a4d3,QMèŒœèŒœ,90,477085
5ac0cb748ea6a005d2071c64,æ˜Ÿè¾°ã€å°ç³–è±†,2328,1602230
5ac315508ea6a005d208bc84,Lucky é›¨æ˜‚,142,17670
5abf94cf8ea6a005d2064942,ä¹äº”ã€æ‘¸æ‘¸,8201,3054550
5a69878d8ea6a005c9836f0e,HQå°å¯çˆ±å…°å®,11703,1290260
5ac1d50b8ea6a005d207cdc9,ç„¶ç„¶ê¦¿à½¼ã‚œà¦,100,400
5abf52168ea6a005d205f421,luckyè‰ºè²è²,10579,1480290
5ab89b068ea6a0693447acd6,ä¹äº”ä¸¶æ½¼å¿ƒ,24663,3228930
5ab637dc8ea6a06934433601,Qmwtay,534,1703520
5abcbcee8ea6a041bb26fc49,å°å¸Œå„¿,0,70660
5ac06a058ea6a005d206b243,Kingå’©å’©ï½,442,781980
5ab899608ea6a0693447a985,æ˜Ÿè¾°ã€åäºŒ,76638,4285380
5abf12d48ea6a005d205b344,æ˜Ÿè¾°ã€å°å°èˆ’ğŸŒ¶,24073,6175980
5ab62e6b8ea6a0693443249a,luckyèŒå¦¹å­,0,192900
5ac05ff28ea6a005d206aa1b,æ˜Ÿè¾°ã€å°å¥¶éŸ³,756,26960
5ab64d8c8ea6a06934435daa,QMå£¹ä¸ƒå£¹å…«,3662,1818180
5ac0a0ee8ea6a005d206edc7,æ˜Ÿè¾°ã€å¤§Gå¦¹å¦¹,0,21510
5abde05c8ea6a041bb278460,luckyé«˜é«˜å®,6154,2718380
5ac07a698ea6a005d206c1c3,æ˜Ÿè¾°å°å…¬ä¸¾,72,4340
5abd1d8a8ea6a041bb274315,Luckyè½è½,86,98540
5ac655928ea6a005d20b9e6f,luckyçƒçƒ,3188,589960
5ac867f48ea6a005fb23c515,Luckyç²¥ç²¥ ,132,1200
5ab99c158ea6a06934482095,æ˜Ÿè¾°ã€æ‡’æ‡’,72887,3549910
5a670c938ea6a00725498d91,å½¼å²¸ä¾æ¢¦å‘€,31025,5166350
5ac04eae8ea6a005d2069e58,luckyæœˆå“¥,2216,2832670
5abf54058ea6a005d205f65d,lukcyå›,50,332840
5ac080758ea6a005d206c8dd,HQå‚»å‚»ğŸ’“ç«¥è¯,14250,3376620
5ab9b8c98ea6a06934482612,æ˜Ÿè¾°å°å“†å•¦,889,1886550
5abe2dc08ea6a041bb27d843,ä¹äº”ã€æ©™å­,6888,2308930
5ac06cb48ea6a005d206b3ff,Luckyå°å¯çˆ±,1052,507840
5ac488a38ea6a005d209ec40,CCã€å…”å­,209137,6133980
5ab9c1838ea6a069344826c1,Iuckyå®å®,100,294470
5ac7b7e18ea6a005d20cd8c7,luckyé˜¿de,1550,1149320
5ab5e65d8ea6a0693442a0af,Q m å¤§å§å§,5148,3237980
5ac631ba8ea6a005d20b6de5,æ˜Ÿè¾°æ—å°ç¾,0,1040
5ac5fafe8ea6a005d20b197b,AIå‘æ´‹,81702,465265
5ab9fb728ea6a06934484106,QMå°å·«,5115,722010
5ac070878ea6a005d206b7a2,å½¼å²¸ğŸ¬èœœç³–,2819,3457570
5ac7a1548ea6a005d20cc1e5,lucky ç³–ç³–,1146,639720
5ab9dff78ea6a06934482ea4,ASå…­å…­,19216,337125
5ac358f48ea6a005d2090e95,QM å°ç²‰çº¢,240,28000
5ac06e678ea6a005d206b586,ä¹äº”ã€å¯å¯å„¿,11774,2328905
5ac068418ea6a005d206b011,Luckyç•ªèŒ„å“‡,1527,115800
5abdfd558ea6a041bb27a2c2,æ˜Ÿè¾°ã€è½¯çŒ«,13000,933330
5abf6ef38ea6a005d20616f6,luckyé™ˆé¸¢ä¸€,30,530060
5ac5e4f58ea6a005d20aff05,luckğŸ’•å¸ƒä¸,14810,2579650
5ac07c0c8ea6a005d206c40b,æ˜Ÿè¾°å·å·å…’,156,904005
5ac4d6df8ea6a005d20a5668,ä¹äº”ã€å°å¯çˆ±,4711,650780
5ac6ccf58ea6a005d20bc738,CCæš´èºç”˜,12244,953290
5ac041c08ea6a005d2069689,æ˜Ÿè¾°ã€è…¿è…¿,628,360980
5ab873e08ea6a0693447622b,luckyéŸ©æ¸©æŸ”,5823,786020
5abf0e2f8ea6a005d205b009,å½¼å²¸ã€å–µå’ª,38114,6035445
5ac7a4f18ea6a005d20cc645,Luckyå¤§çœ¼èŒ,3525,1825480
5ac65d8d8ea6a005d20ba519,luckyå¥ˆå¥ˆ,1340,1129680
5ac07dbb8ea6a005d206c59a,å½¼å²¸-å¤§ç™½,70370,3752900
5ab8e2e68ea6a0693447de4b,æ˜Ÿè¾°ã€å°ä»™å¥³,4435551,21086360
5ac8a5d08ea6a005fb242365,TxAb,0,389300
5abf3c228ea6a005d205da5a,å½¼å²¸+å¹³èƒ¸å¦¹,374,319420
5abe4e4d8ea6a041bb280136,luckyæœµæœµ,6856,2465375
5ac715a58ea6a005d20c02ae,å“¦å“¦å“¦,86,2514510
5ac869f68ea6a005fb23c7dc,luckyå•¾å•¾å•¾,1498,1210570
5ab876038ea6a0693447662d,æ˜Ÿè¾°ä¸¶å°ç™½,199173,5794670
5ab8b2ad8ea6a0693447c2bb,HQé¤é¤,17072,2183250
5ab872d38ea6a06934476030,TMä¸¶æ›¦å„¿,4474,475210
5ac315d98ea6a005d208bd74,luckyå˜‰,76,696190
5ab9a7848ea6a06934482339,å•¦å•¦å•¦å•¦,20359,1878800
5ac5d1368ea6a005d20ae7f8,luck-äº”å²å‘€,0,15120
5ab89f628ea6a0693447b4ed,æ˜Ÿè¾°ã€å°è¹¦å“’,35834,4849040
5abf70788ea6a005d20619cb,Luckyå¾é¹¿é¹¿,30,22790
5abf3e958ea6a005d205dc9a,î€ƒ æ˜Ÿè¾°-åœ†åœ†,30,9810
5abf6d818ea6a005d206158b,luckyå°å¯çˆ±,0,5900
5abf9bc58ea6a005d206520f,æ˜Ÿè¾°ã€å°é¬¼,28461,2667020
5abda1b98ea6a041bb27589d,ä¹äº” ã€ç±³å¯,4250,2008300
5ac0a6e38ea6a005d206f3bf,æ˜Ÿè¾°â¤æ™´å„¿,0,7300
5ab84d478ea6a06934471a83,QMæˆ‘,1182,58490
5ac06a2c8ea6a005d206b25a,æ˜Ÿè¾°å“©å“©,0,4140
5ab880ff8ea6a06934477af2,lucky åš,122437,2602850
5ac5dc5c8ea6a005d20af4f5,luckyï¼‹å°å°,1060,243870
5ac8ca588ea6a005fb24683f,V+æ¸…å¦¹å„¿,1852,1280920
5ac36d408ea6a005d2092546,æ˜Ÿè¾°ã€è‚¥è‚¥,1300,193190
5ac1906b8ea6a005d2078955,æ˜Ÿè¾°å¥³æ–½ä¸»,2876,1774490
5ac8a8398ea6a005fb2428c8,A+æ½‡æ½‡,240180,4431170
5abc6e168ea6a041bb26ca56,luckyæ™¨é£,50,288010
5ac351b88ea6a005d20905ca,QMæ©˜çŒ«,66,14415
5ac7ad2d8ea6a005d20ccf8e,luckyç„¶ç„¶,40,305255
5ac0bd4f8ea6a005d2070db9,è¿·ç³Šå°å¥³äºº,0,29200
5ac60aba8ea6a005d20b2ba3,luckyå¿µå„¿,800,837475
5ab797998ea6a0693445c5c9,GS_ç‘¶,10137,4011910
5ac98c9e8ea6a005fb2505b9,luckyæ¨å®ã¤,0,3330
5abf06508ea6a005d205a921,æ˜Ÿè¾°ã€é¥,18831,1042370
5ab9f6f78ea6a06934483b9c,QMæ©˜å­é…±,440,1663595
5abd12698ea6a041bb273fc0,luckyå¨œå¨œ,408,1119080
5ab864128ea6a06934474462,luckyâ˜˜ï¸æ¢¦,1298,6070610
5a58280d8ea6a005db808bd3,GS_å°å¸ƒç‚¹,3694,2662090
5a1246401d41c8064627c1c9,æ¸¸ä¾ UFO,0,1000
5ab8d0268ea6a0693447d67a,luckyå°é…’,1510,142960
5ab6504b8ea6a069344362bd,QMå²³å„¿,7895,1728350
5ac6430d8ea6a005d20b88a4,luckyçŒªè¹„,3530,972850
5ac096258ea6a005d206e254,ä¹äº”ã€é™çˆ·,4782,2746435
5ac2f58f8ea6a005d2089a4b,luckyèŒ¹èŒ¹,366,2482070
5a61fbfb8ea6a005dba09fb6,å½¼å²¸(âº£â—¡âº£)å–µ,417315,14586890
5ac494de8ea6a005d209f96e,CCã€è¿ªå¦¹,21142,383780
5ac5cf438ea6a005d20ae512,Luckyéœ–å–œå–œ,0,2300
5ab95d508ea6a069344815be,Luckyâ€¦é›…,20128,2324850
5ab9bc7a8ea6a06934482655,ASå°å‚»,206,6290
5a2bbcdc1d41c81a656551f7,kingèå°å®,5954,896020
5ab87ff68ea6a069344778f1,æ˜Ÿè¾°ã€äºŒè±†,4474,701380
5aba0d988ea6a06934485727,QMé’°è¹,20,674960
5ab785fc8ea6a0693445a230,HQå–µå’ªï½,7525,2253530
5ac7b9f68ea6a005d20cda83,ä¹äº”ä¸¶è€æ¹¿æ¹¿,1672,1410900
5a72eef78ea6a006f425d389,GS_æ¬§å°¼,3080,1644760
5ac317578ea6a005d208bed5,luckyåƒé˜³,0,820320
5ab8a6bb8ea6a0693447bcb2,AS.ä¿Š å“²ğŸƒ,0,33190
5a62ebec8ea6a005dba37eb1,å½¼å²¸â„¡æ¥š,13886,7472520
5ab904278ea6a06934480140,Luckyé¢œå…¬å­,36748,7866110
5ac62c088ea6a005d20b6560,ä¹äº”ã€ç™½é¹¿,3096,503770
5ac053df8ea6a005d206a211,Luckyæ¡ƒå­,250,22490
5ac65f928ea6a005d20ba684,lucky-cè€¶,0,279850
5ab8a4528ea6a0693447b7e7,luckyå¦–å„¿,2792,749840
5ab7a4dd8ea6a0693445e12e,HQ å°å©Šç ¸å•Š,0,2425
5abc42048ea6a041bb26c4fb,luckyé˜¿è–‡,428,227500
5ab7abf48ea6a0693445efdd,æ˜Ÿè¾°å°é±¼å„¿,30,5780
5aba194c8ea6a06934485ae2,Luckyæ¬§é˜³,86,1577680
5abd12f98ea6a041bb273feb,æ˜Ÿè¾‰â€”å°äº•,30,525840
5ac718068ea6a005d20c0557,Iuckyèœœæ¡ƒ,274,610200
5abf6fa38ea6a005d2061850,luckyå¾®é£,818,1504980
5ab9b7ef8ea6a0693448257c,luckyå°è™ç‰™,68377,1899385
5abf9be28ea6a005d2065243,ä¹äº”ã€åœ†å­,2058,733660
5a7032b88ea6a006f41d8513,GS_é›¨æœ,11738,2568430
5ac9ed788ea6a005fb258cab,æ€§æ„Ÿå°çŒ«å’ª,11260,81170
5ab79bcc8ea6a0693445cf33,luckyé—¹é—¹,216650,14870070
5ac38c6b8ea6a005d2095114,æ˜Ÿè¾°-å·¦å·¦,3117724,31028030
5ac2f9c48ea6a005d2089e11,lucky-è¯­æ™—,202,181510
5ac311998ea6a005d208b752,luckyË‰å­ç‘¾,242,865470
5ac8a1948ea6a005fb241c91,TX ç¾å¥³,2009,170460
5ac39e7a8ea6a005d20967da,QMæ¶‚æ¶‚,516,1190820
5ac073738ea6a005d206ba7b,luckyä¸ƒä¸ƒ,338,663330
5a6178488ea6a005db9f93c5,å½¼å²¸æ¶µæ¶µ,1788440,13365410
5a4b34171d41c80fbdbefa27,GS_æ¬¢å®å–,52712,2906320
5ac45ce88ea6a005d209bd66,QMæ˜¯é¢åŒ…å‘€,1712,645055
5ac5d2038ea6a005d20ae971,luckyç³–ç³–,846,212705
5ac98cb48ea6a005fb2505cb,luckyé¦™æ§Ÿ,640,758030
5ac30c168ea6a005d208b16e,king 77,0,0
5ab9b0358ea6a0693448247a,luckyä»™å¥³å„¿,5886,3139770
5ac0802b8ea6a005d206c891,kingä½ çš„æ·¼å„¿,710,2000
5ab626508ea6a069344315a9,luckyå°å®‰,50,1150
5ab9ec0c8ea6a06934483643,èŒµèŒµå‘¢,0,1400
5ac044ea8ea6a005d20698d8,Kingäº”é›·è½°é¡¶,2700,1910
5ac05f728ea6a005d206a9d2,å½¼å²¸-äº‘æœµ,30,9800
5ac079ae8ea6a005d206c106,kingå°å²šå§å§,0,720
5aba4bf98ea6a02a8922af78,99,7367,157530
5ac06ea28ea6a005d206b5b5,æ˜Ÿè¾° è¿ªå£«å°¼,10,22720
5ac3162a8ea6a005d208bdd6,Luckyå¯çˆ±,30,239730
5ac7239f8ea6a005d20c12e4,ä¹äº”ã€è±è±,5414,3569120
5ac719d48ea6a005d20c0795,æ˜Ÿè¾°Summer,10888,465770
5ab9e7368ea6a06934483320,æ˜Ÿè¾°ä¸¶å°æ°´æ³¥,40609,10784920
5a6043218ea6a005db9b8a5b,å½¼å²¸-è½¯ç”œèŒ,5014,5551030
5ab93c4f8ea6a069344810f3,luckyä¸¸å­,8683,3202930
5ac04ccb8ea6a005d2069cca,luckyå°å¦®,188,5670
5a6055ea8ea6a005db9bb3a9,å½¼å²¸çˆ½å¦¹,30481,3256260
5ac072d08ea6a005d206ba04,king è¥¿è¥¿,10,4005
5ab9aefd8ea6a0693448244d,luckyæˆ‘çš„ç¥,20329,2229790
5ac0c8108ea6a005d20718c2,å“§å“§,0,530670
5ab8e88c8ea6a0693447e68c,æ˜Ÿè¾°  èŒ‰èŒ‰,12532,1173220
5ab8acb18ea6a0693447bfd1,QMåäºŒ,2876,1007775
5ac5d16e8ea6a005d20ae83b,lucky me,20,346970
5ac315d48ea6a005d208bd41,lucky æ…§,544,220950
5ac9f3f78ea6a005fb25998d,æ€§æ„Ÿç«ç«,720,690850
5ac612f58ea6a005d20b3b81,luckyå§å•¦å•¦,40,170
5ac65ab88ea6a005d20ba2b0,luckyæ™´å¤©,868,642350
5ac04c6a8ea6a005d2069c82,luckyçŒªå¦¹,1240,346620
5ab60f328ea6a0693442eb57,QMå®‰å¿ƒ,328,3655200
5ac4b67b8ea6a005d20a233e,CCã€ä»™å¥³äº‘,112,114180
5ac1ead18ea6a005d207e819,King å°ç”°ç”œ,0,2200
5ac0510e8ea6a005d206a051,luckyå°é™é™,30,270
5abfbc3e8ea6a005d2067112,luckyè±Œè±†,3015,586270
5abc43b58ea6a041bb26c510,å°å”å”,0,13370
5ac5cc718ea6a005d20ae266,æ˜Ÿè¾°-æœˆäº®ğŸ§š,0,2000
5ac5fbd08ea6a005d20b1ae0,CCã€å°å¯çˆ±,19473,2407320
5ab9de138ea6a06934482df4,æ˜Ÿè¾°ã€æ¾œæ¾œ,240,950
5ac5c39c8ea6a005d20ad919,æ˜Ÿè¾°é‡‘ç¿ç¿,10,13000
5ac717188ea6a005d20c047f,æ˜Ÿè¾°-å°è¿·å¦¹,1744,1979820
5ab8b62b8ea6a0693447c41d,QMå°è·³,282,580640
5ac22a018ea6a005d20835e2,æ˜Ÿæœˆ-ä¸¸å­å¤´,13195,296090
5a6176968ea6a005db9f8f58,å½¼å²¸ä¹ä¹é…±,8944,3989530
5ac60e3d8ea6a005d20b322b,ä¹äº”ã€å“©å“©,186,148890
5a127d951d41c8064628a57f,å¤«è¿ˆå†°å²›,0,30
5abf79558ea6a005d20625d8,æ˜Ÿè¾°ã€é€—é€—,610,220810
5ac991838ea6a005fb2509e5,luckyå©·å“ˆå“ˆ,116,171610
5ab8c8f98ea6a0693447d04f,Luckyâ€”é˜¿ç»¿,0,168725
5ab8e2bb8ea6a0693447de2a,æ˜Ÿè¾°å¤•è““è´yi,2286,1227470
5abfcdc38ea6a005d20678a6,æ˜Ÿè¾°â˜€ç”°ç”°,4672762,38420430
5abf94e68ea6a005d2064962,æ˜Ÿè¾°ã€æµªå­åŒå­¦,5390,730030
5ac1ee218ea6a005d207ecbe,ä¹äº”-æ¸©æŸ”æ³¡,4885,2413720
5ac0699d8ea6a005d206b1fc,å¥¥è‰,108,1770
5ac21d478ea6a005d208266f,ä¹äº”ä¸¶å°å¿µå¿µ,2970,1124785
5ac89dd38ea6a005fb2416a2,ä¹äº”-å¡å¡c,880,25340
5ab87ecf8ea6a069344776cb,æ˜Ÿè¾°ä¸¶å°è‚‰è‚‰,3913,160250
5ac04df88ea6a005d2069da5,luckyç¾ä¼¢,0,54400
5ab88b958ea6a06934478ed2,æ˜Ÿè¾°ã€ååLoL,180,460300
5ac1e4e98ea6a005d207e07e,äººç”Ÿåªè‹¥åˆè§,0,400
5ab7a7b58ea6a0693445e749,QMä¸¹ä¸¹ä¸¹ä¸¹ä¸¹,386,29950
5abc41388ea6a041bb26c4f6,luckyé˜¿é‘«,42345,1131440
5abda2068ea6a041bb2758ff,luckyå±å±,60,129430
5ac75bdc8ea6a005d20c53c3,Luckyâ•Az,2784,953660
5ac802e68ea6a005d20cf40c,Luckyå®å®,14926,1620740
5ac6de538ea6a005d20bd087,luckyç”œå•¤,1064,482290
5ab8d71d8ea6a0693447d96d,HQä½ çš„å°å®è´,1410,35595
5ac718ab8ea6a005d20c0668,æ˜Ÿè¾°å°å€ªå­,1210,432530
5ab5e5108ea6a06934429e4d,Luckyæ—æ—,5566,2170895
5ac1d8e98ea6a005d207d336,luckyèŠ±,23952,1765810
5abde0758ea6a041bb27847a,luckyç¬‘ç¬‘,70,1044690
5ab89e3a8ea6a0693447b3f2,æ˜Ÿè¾°ã€æ·¼æ·¼,240,654040
5ab9b70e8ea6a06934482565,æ˜Ÿè¾°ã€ä½ ç‹å“¥é˜¿,28683,1511190
5ac71bf18ea6a005d20c0a1a,luckyå…”å­,76,152610
5abdc62b8ea6a041bb277266,luckywaå¥½,680,1203160
5ac834d98ea6a005fb238dae,Lucky.å…­å…­,810,333240
5ab874758ea6a0693447633f,luckyâ˜˜ï¸é»˜,638,756180
5ac5dbb78ea6a005d20af452,luckyå°ä¼Šäºº,3640,528580
5ac4d9618ea6a005d20a59b0,î‘‡ä¹äº”ã€å¶å­ğŸƒ,11050,417060
5ac447408ea6a005d209a8c5,æ˜Ÿè¾°â¤å°ç¾ç¾,2410251,6911500
5acaefe48ea6a005fb2692ed,Luckyå¯çˆ±å¤š,120,383980
5abfa3b58ea6a005d2065c9f,æ˜Ÿè¾°ã‚,824,582090
5ac76cf68ea6a005d20c7240,luckyå“ˆå“ˆ,2014,727050
5ab65f068ea6a06934437de5,Iuckyé™ˆå®å®,1093,806720
5a6042ac8ea6a005db9b8992,Luckyèµ«ç„¶æ‹‰,290,1496730
5ab74a148ea6a06934452d5e,å½¼å²¸å¾®ç¬‘,16299,5732020
5ab7a4ea8ea6a0693445e149,à¼„æ˜Ÿè¾°ä¼ åª’à¼…,770103,351000
5ac44f928ea6a005d209b1b9,TMã€ä½ä½,1350,815930
5abf6b638ea6a005d20612fc,luckyè²å„¿,240,574110
5ab885518ea6a06934478306,ä¹äº”ä¸¶å¦å¦,22376,1113720
5aca01358ea6a005fb25af55,TXè‹¦æå­,0,90
5ac0afab8ea6a005d206fe24,TM.ã€ç‘¶ç‘¶,38775,2209900
5ac0584b8ea6a005d206a4ce,æ˜Ÿè¾° ä¸ä¸ä¸,0,310
5abfbc518ea6a005d206711f,luckyå§½å©³,30,432150
5ab65a158ea6a069344374da,QMå®å„¿,1587,11370
5ac712da8ea6a005d20bffdc,luckyè±¡è±¡,0,206650
5ac398898ea6a005d2095fd3,QM å®¶å®¶ğŸ¤¡,0,1800
5abd95138ea6a041bb275033,luckyèœœç³–,1476,1105500
5ab885c38ea6a069344783f6,æ˜Ÿè¾°ã€ä¹”ä¹”,5539,1734350
5ab656748ea6a06934436e28,QMå“‡å–”,670,2118920
5ac317188ea6a005d208bea7,æ˜Ÿæœˆâ˜è±†è±†ä¸«â€,270,97460
5ac9f8218ea6a005fb25a066,TXè‹¹æœ,0,20
5ab8b25d8ea6a0693447c29d,Lucky LL,5042,2621330
5ab9c4768ea6a06934482753,Luckyä¾ä¾,4229,1444470
